component,phase,observed_rv_km_s,hjd_fraction_in_source,residual_observed_minus_model_km_s,calculated_rv_km_s
primary_hotter,.72559,81.00,.75700,-5.07,86.07
primary_hotter,.91597,38.30,.73120,-5.56,43.86
primary_hotter,.10745,-57.40,.71100,-4.81,-52.59
primary_hotter,.05721,-40.10,.02260,-7.92,-32.18
primary_hotter,.26188,-95.70,.06990,-7.93,-87.77
primary_hotter,.63728,57.10,.86520,-7.17,64.27
primary_hotter,.83622,66.90,.88320,-6.46,73.36
primary_hotter,.58758,38.00,.71950,-6.54,44.54
primary_hotter,.78639,76.40,.73680,-6.76,83.16
primary_hotter,.36775,-69.00,.80940,-5.71,-63.29
primary_hotter,.10543,-59.60,.78440,-6.34,-53.26
primary_hotter,.29036,-90.10,.73070,-6.39,-83.71
primary_hotter,.69778,76.80,.81550,-5.38,82.18
primary_hotter,.75996,79.80,.75430,-6.10,85.90
primary_hotter,.94706,24.20,.71170,-4.98,29.18
primary_hotter,.15217,-76.90,.76130,-6.29,-70.61
primary_hotter,.34630,-76.20,.75470,-5.70,-70.50
primary_hotter,.31910,-82.70,.76750,-5.30,-77.40
primary_hotter,.71712,78.40,.80420,-5.96,84.36
primary_hotter,.89573,45.90,.71820,-6.31,52.21
primary_hotter,.08541,-50.50,.68880,-6.26,-44.24
primary_hotter,.09754,-55.30,.75090,-5.90,-49.40
primary_hotter,.29408,-88.30,.75660,-5.75,-82.55
primary_hotter,.74012,80.60,.95060,-5.70,86.30
primary_hotter,.74835,80.80,.99270,-5.68,86.48
primary_hotter,.14030,-72.60,.99840,-6.09,-66.51
primary_hotter,.82088,71.30,.76960,-6.23,77.53
primary_hotter,.83753,67.60,.85480,-5.93,73.53
primary_hotter,.84603,64.20,.89830,-6.38,70.58
primary_hotter,.19945,-87.90,.70680,-6.06,-81.84
primary_hotter,.20793,-88.80,.75020,-5.86,-82.94
primary_hotter,.39342,-58.20,.69940,-5.39,-52.81
primary_hotter,.40280,-53.70,.74740,-5.18,-48.52
primary_hotter,.61349,50.70,.82550,-5.84,56.54
primary_hotter,.79527,76.00,.75570,-6.35,82.35
primary_hotter,.81227,73.40,.84270,-6.13,79.53
secondary_cooler,.72559,-88.00,.75700,-4.53,-83.47
secondary_cooler,.91597,-45.70,.73120,-4.01,-41.69
secondary_cooler,.10745,49.50,.71100,-4.47,53.97
secondary_cooler,.05721,25.70,.02260,-4.74,30.44
secondary_cooler,.26188,77.10,.06990,-6.52,83.62
secondary_cooler,.63728,-70.20,.86520,-5.37,-64.83
secondary_cooler,.83622,-77.80,.88320,-5.03,-72.77
secondary_cooler,.58758,-50.80,.71950,-5.75,-45.05
secondary_cooler,.78639,-90.20,.73680,-6.24,-83.96
secondary_cooler,.36775,57.30,.80940,-5.41,62.71
secondary_cooler,.10543,48.30,.78440,-4.65,52.95
secondary_cooler,.29036,75.60,.73070,-6.03,81.63
secondary_cooler,.69778,-85.90,.81550,-5.26,-80.64
secondary_cooler,.75996,-91.40,.75430,-5.82,-85.58
secondary_cooler,.94706,-33.60,.71170,-5.51,-28.09
secondary_cooler,.15217,65.60,.76130,-4.59,70.19
secondary_cooler,.34630,66.10,.75470,-4.58,70.68
secondary_cooler,.31910,72.80,.76750,-4.84,77.64
secondary_cooler,.71712,-90.00,.80420,-5.94,-84.06
secondary_cooler,.89573,-56.60,.71820,-4.97,-51.63
secondary_cooler,.08541,36.70,.68880,-6.03,42.73
secondary_cooler,.09754,43.20,.75090,-5.50,48.70
secondary_cooler,.29408,77.90,.75660,-4.62,82.52
secondary_cooler,.74012,-90.00,.95060,-5.12,-84.88
secondary_cooler,.74835,-89.60,.99270,-4.84,-84.76
secondary_cooler,.14030,61.30,.99840,-4.82,66.12
secondary_cooler,.82088,-81.70,.76960,-5.04,-76.66
secondary_cooler,.83753,-76.50,.85480,-4.56,-71.94
secondary_cooler,.84603,-76.00,.89830,-5.55,-70.45
secondary_cooler,.19945,75.40,.70680,-5.36,80.76
secondary_cooler,.20793,77.00,.75020,-5.21,82.21
secondary_cooler,.39342,45.60,.69940,-6.24,51.84
secondary_cooler,.40280,43.80,.74740,-5.13,48.93
secondary_cooler,.61349,-61.80,.82550,-5.66,-56.14
secondary_cooler,.79527,-87.20,.75570,-5.34,-81.86
secondary_cooler,.81227,-83.00,.84270,-4.75,-78.25
