component,repeated_block,phase,calculated_rv_km_s,systemic_rv_km_s,orbital_rv_km_s
primary_hotter,1,.00000,-6.04,-6.04,.00
primary_hotter,1,.00200,-7.12,-6.04,-1.08
primary_hotter,1,.00401,-8.20,-6.04,-2.16
primary_hotter,1,.00601,-9.29,-6.04,-3.25
primary_hotter,1,.00802,-10.37,-6.04,-4.33
primary_hotter,1,.01002,-11.45,-6.04,-5.41
primary_hotter,1,.01202,-12.54,-6.04,-6.50
primary_hotter,1,.01403,-13.62,-6.04,-7.58
primary_hotter,1,.01603,-14.70,-6.04,-8.66
primary_hotter,1,.01804,-15.77,-6.04,-9.73
primary_hotter,1,.02004,-16.85,-6.04,-10.81
primary_hotter,1,.02204,-17.93,-6.04,-11.89
primary_hotter,1,.02405,-19.00,-6.04,-12.96
primary_hotter,1,.02605,-20.07,-6.04,-14.03
primary_hotter,1,.02806,-21.14,-6.04,-15.10
primary_hotter,1,.03006,-22.20,-6.04,-16.17
primary_hotter,1,.03206,-23.27,-6.04,-17.23
primary_hotter,1,.03407,-24.33,-6.04,-18.29
primary_hotter,1,.03607,-25.39,-6.04,-19.35
primary_hotter,1,.03808,-26.44,-6.04,-20.40
primary_hotter,1,.04008,-27.49,-6.04,-21.46
primary_hotter,1,.04208,-28.54,-6.04,-22.50
primary_hotter,1,.04409,-29.59,-6.04,-23.55
primary_hotter,1,.04609,-30.63,-6.04,-24.59
primary_hotter,1,.04810,-31.67,-6.04,-25.63
primary_hotter,1,.05010,-32.70,-6.04,-26.66
primary_hotter,1,.05210,-33.73,-6.04,-27.69
primary_hotter,1,.05411,-34.75,-6.04,-28.71
primary_hotter,1,.05611,-35.77,-6.04,-29.73
primary_hotter,1,.05812,-36.79,-6.04,-30.75
primary_hotter,1,.06012,-37.80,-6.04,-31.76
primary_hotter,1,.06212,-38.80,-6.04,-32.77
primary_hotter,1,.06413,-39.80,-6.04,-33.77
primary_hotter,1,.06613,-40.80,-6.04,-34.76
primary_hotter,1,.06814,-41.79,-6.04,-35.75
primary_hotter,1,.07014,-42.77,-6.04,-36.73
primary_hotter,1,.07214,-43.75,-6.04,-37.71
primary_hotter,1,.07415,-44.72,-6.04,-38.68
primary_hotter,1,.07615,-45.69,-6.04,-39.65
primary_hotter,1,.07816,-46.65,-6.04,-40.61
primary_hotter,1,.08016,-47.60,-6.04,-41.56
primary_hotter,1,.08216,-48.55,-6.04,-42.51
primary_hotter,1,.08417,-49.49,-6.04,-43.45
primary_hotter,1,.08617,-50.42,-6.04,-44.38
primary_hotter,1,.08818,-51.34,-6.04,-45.31
primary_hotter,1,.09018,-52.26,-6.04,-46.22
primary_hotter,1,.09218,-53.17,-6.04,-47.14
primary_hotter,1,.09419,-54.08,-6.04,-48.04
primary_hotter,1,.09619,-54.97,-6.04,-48.94
primary_hotter,1,.09820,-55.86,-6.04,-49.82
primary_hotter,1,.10020,-56.74,-6.04,-50.70
primary_hotter,1,.10220,-57.62,-6.04,-51.58
primary_hotter,1,.10421,-58.48,-6.04,-52.44
primary_hotter,1,.10621,-59.34,-6.04,-53.30
primary_hotter,1,.10822,-60.18,-6.04,-54.14
primary_hotter,1,.11022,-61.02,-6.04,-54.98
primary_hotter,1,.11222,-61.85,-6.04,-55.81
primary_hotter,1,.11423,-62.67,-6.04,-56.64
primary_hotter,1,.11623,-63.49,-6.04,-57.45
primary_hotter,1,.11824,-64.29,-6.04,-58.25
primary_hotter,1,.12024,-65.08,-6.04,-59.04
primary_hotter,1,.12224,-65.87,-6.04,-59.83
primary_hotter,1,.12425,-66.64,-6.04,-60.60
primary_hotter,1,.12625,-67.41,-6.04,-61.37
primary_hotter,1,.12826,-68.17,-6.04,-62.13
primary_hotter,1,.13026,-68.91,-6.04,-62.87
primary_hotter,1,.13226,-69.65,-6.04,-63.61
primary_hotter,1,.13427,-70.37,-6.04,-64.33
primary_hotter,1,.13627,-71.09,-6.04,-65.05
primary_hotter,1,.13828,-71.79,-6.04,-65.76
primary_hotter,1,.14028,-72.49,-6.04,-66.45
primary_hotter,1,.14228,-73.17,-6.04,-67.14
primary_hotter,1,.14429,-73.85,-6.04,-67.81
primary_hotter,1,.14629,-74.51,-6.04,-68.47
primary_hotter,1,.14830,-75.16,-6.04,-69.12
primary_hotter,1,.15030,-75.80,-6.04,-69.77
primary_hotter,1,.15230,-76.43,-6.04,-70.40
primary_hotter,1,.15431,-77.05,-6.04,-71.01
primary_hotter,1,.15631,-77.66,-6.04,-71.62
primary_hotter,1,.15832,-78.26,-6.04,-72.22
primary_hotter,1,.16032,-78.84,-6.04,-72.80
primary_hotter,1,.16232,-79.42,-6.04,-73.38
primary_hotter,1,.16433,-79.98,-6.04,-73.94
primary_hotter,1,.16633,-80.53,-6.04,-74.49
primary_hotter,1,.16834,-81.07,-6.04,-75.03
primary_hotter,1,.17034,-81.59,-6.04,-75.55
primary_hotter,1,.17234,-82.11,-6.04,-76.07
primary_hotter,1,.17435,-82.61,-6.04,-76.57
primary_hotter,1,.17635,-83.10,-6.04,-77.06
primary_hotter,1,.17836,-83.58,-6.04,-77.54
primary_hotter,1,.18036,-84.04,-6.04,-78.00
primary_hotter,1,.18236,-84.50,-6.04,-78.46
primary_hotter,1,.18437,-84.94,-6.04,-78.90
primary_hotter,1,.18637,-85.37,-6.04,-79.33
primary_hotter,1,.18838,-85.78,-6.04,-79.74
primary_hotter,1,.19038,-86.19,-6.04,-80.15
primary_hotter,1,.19238,-86.58,-6.04,-80.54
primary_hotter,1,.19439,-86.95,-6.04,-80.91
primary_hotter,1,.19639,-87.32,-6.04,-81.28
primary_hotter,1,.19840,-87.67,-6.04,-81.63
primary_hotter,1,.20040,-88.01,-6.04,-81.97
primary_hotter,1,.20240,-88.34,-6.04,-82.30
primary_hotter,1,.20441,-88.65,-6.04,-82.61
primary_hotter,1,.20641,-88.95,-6.04,-82.91
primary_hotter,1,.20842,-89.23,-6.04,-83.20
primary_hotter,1,.21042,-89.51,-6.04,-83.47
primary_hotter,1,.21242,-89.77,-6.04,-83.73
primary_hotter,1,.21443,-90.02,-6.04,-83.98
primary_hotter,1,.21643,-90.25,-6.04,-84.21
primary_hotter,1,.21844,-90.47,-6.04,-84.43
primary_hotter,1,.22044,-90.68,-6.04,-84.64
primary_hotter,1,.22244,-90.87,-6.04,-84.83
primary_hotter,1,.22445,-91.05,-6.04,-85.01
primary_hotter,1,.22645,-91.22,-6.04,-85.18
primary_hotter,1,.22846,-91.37,-6.04,-85.33
primary_hotter,1,.23046,-91.51,-6.04,-85.47
primary_hotter,1,.23246,-91.64,-6.04,-85.60
primary_hotter,1,.23447,-91.75,-6.04,-85.71
primary_hotter,1,.23647,-91.85,-6.04,-85.81
primary_hotter,1,.23848,-91.93,-6.04,-85.89
primary_hotter,1,.24048,-92.00,-6.04,-85.97
primary_hotter,1,.24248,-92.06,-6.04,-86.02
primary_hotter,1,.24449,-92.11,-6.04,-86.07
primary_hotter,1,.24649,-92.14,-6.04,-86.10
primary_hotter,1,.24850,-92.15,-6.04,-86.12
primary_hotter,1,.25050,-92.16,-6.04,-86.12
primary_hotter,1,.25251,-92.15,-6.04,-86.11
primary_hotter,1,.25451,-92.12,-6.04,-86.08
primary_hotter,1,.25651,-92.09,-6.04,-86.05
primary_hotter,1,.25852,-92.04,-6.04,-86.00
primary_hotter,1,.26052,-91.97,-6.04,-85.93
primary_hotter,1,.26253,-91.89,-6.04,-85.85
primary_hotter,1,.26453,-91.80,-6.04,-85.76
primary_hotter,1,.26653,-91.69,-6.04,-85.66
primary_hotter,1,.26854,-91.58,-6.04,-85.54
primary_hotter,1,.27054,-91.44,-6.04,-85.40
primary_hotter,1,.27255,-91.30,-6.04,-85.26
primary_hotter,1,.27455,-91.14,-6.04,-85.10
primary_hotter,1,.27655,-90.96,-6.04,-84.92
primary_hotter,1,.27856,-90.78,-6.04,-84.74
primary_hotter,1,.28056,-90.58,-6.04,-84.54
primary_hotter,1,.28257,-90.36,-6.04,-84.32
primary_hotter,1,.28457,-90.14,-6.04,-84.10
primary_hotter,1,.28657,-89.90,-6.04,-83.86
primary_hotter,1,.28858,-89.64,-6.04,-83.60
primary_hotter,1,.29058,-89.37,-6.04,-83.34
primary_hotter,1,.29259,-89.09,-6.04,-83.06
primary_hotter,1,.29459,-88.80,-6.04,-82.76
primary_hotter,1,.29659,-88.50,-6.04,-82.46
primary_hotter,1,.29860,-88.18,-6.04,-82.14
primary_hotter,1,.30060,-87.84,-6.04,-81.80
primary_hotter,1,.30261,-87.50,-6.04,-81.46
primary_hotter,1,.30461,-87.14,-6.04,-81.10
primary_hotter,1,.30661,-86.77,-6.04,-80.73
primary_hotter,1,.30862,-86.38,-6.04,-80.35
primary_hotter,1,.31062,-85.99,-6.04,-79.95
primary_hotter,1,.31263,-85.58,-6.04,-79.54
primary_hotter,1,.31463,-85.16,-6.04,-79.12
primary_hotter,1,.31663,-84.72,-6.04,-78.68
primary_hotter,1,.31864,-84.27,-6.04,-78.24
primary_hotter,1,.32064,-83.82,-6.04,-77.78
primary_hotter,1,.32265,-83.34,-6.04,-77.30
primary_hotter,1,.32465,-82.86,-6.04,-76.82
primary_hotter,1,.32665,-82.36,-6.04,-76.32
primary_hotter,1,.32866,-81.86,-6.04,-75.82
primary_hotter,1,.33066,-81.33,-6.04,-75.30
primary_hotter,1,.33267,-80.80,-6.04,-74.76
primary_hotter,1,.33467,-80.26,-6.04,-74.22
primary_hotter,1,.33667,-79.70,-6.04,-73.66
primary_hotter,1,.33868,-79.13,-6.04,-73.10
primary_hotter,1,.34068,-78.56,-6.04,-72.52
primary_hotter,1,.34269,-77.97,-6.04,-71.93
primary_hotter,1,.34469,-77.36,-6.04,-71.32
primary_hotter,1,.34669,-76.75,-6.04,-70.71
primary_hotter,1,.34870,-76.13,-6.04,-70.09
primary_hotter,1,.35070,-75.49,-6.04,-69.45
primary_hotter,1,.35271,-74.84,-6.04,-68.80
primary_hotter,1,.35471,-74.19,-6.04,-68.15
primary_hotter,1,.35671,-73.52,-6.04,-67.48
primary_hotter,1,.35872,-72.84,-6.04,-66.80
primary_hotter,1,.36072,-72.15,-6.04,-66.11
primary_hotter,1,.36273,-71.45,-6.04,-65.41
primary_hotter,1,.36473,-70.74,-6.04,-64.70
primary_hotter,1,.36673,-70.02,-6.04,-63.98
primary_hotter,1,.36874,-69.29,-6.04,-63.25
primary_hotter,1,.37074,-68.54,-6.04,-62.51
primary_hotter,1,.37275,-67.79,-6.04,-61.75
primary_hotter,1,.37475,-67.03,-6.04,-60.99
primary_hotter,1,.37675,-66.26,-6.04,-60.22
primary_hotter,1,.37876,-65.48,-6.04,-59.44
primary_hotter,1,.38076,-64.69,-6.04,-58.65
primary_hotter,1,.38277,-63.89,-6.04,-57.86
primary_hotter,1,.38477,-63.09,-6.04,-57.05
primary_hotter,1,.38677,-62.27,-6.04,-56.23
primary_hotter,1,.38878,-61.44,-6.04,-55.41
primary_hotter,1,.39078,-60.61,-6.04,-54.57
primary_hotter,1,.39279,-59.77,-6.04,-53.73
primary_hotter,1,.39479,-58.91,-6.04,-52.88
primary_hotter,1,.39679,-58.05,-6.04,-52.02
primary_hotter,1,.39880,-57.19,-6.04,-51.15
primary_hotter,1,.40080,-56.31,-6.04,-50.27
primary_hotter,1,.40281,-55.43,-6.04,-49.39
primary_hotter,1,.40481,-54.53,-6.04,-48.49
primary_hotter,1,.40681,-53.63,-6.04,-47.59
primary_hotter,1,.40882,-52.73,-6.04,-46.69
primary_hotter,1,.41082,-51.81,-6.04,-45.77
primary_hotter,1,.41283,-50.89,-6.04,-44.85
primary_hotter,1,.41483,-49.96,-6.04,-43.92
primary_hotter,1,.41683,-49.02,-6.04,-42.98
primary_hotter,1,.41884,-48.08,-6.04,-42.04
primary_hotter,1,.42084,-47.13,-6.04,-41.09
primary_hotter,1,.42285,-46.17,-6.04,-40.14
primary_hotter,1,.42485,-45.21,-6.04,-39.17
primary_hotter,1,.42685,-44.24,-6.04,-38.20
primary_hotter,1,.42886,-43.27,-6.04,-37.23
primary_hotter,1,.43086,-42.29,-6.04,-36.25
primary_hotter,1,.43287,-41.30,-6.04,-35.26
primary_hotter,1,.43487,-40.31,-6.04,-34.27
primary_hotter,1,.43687,-39.31,-6.04,-33.27
primary_hotter,1,.43888,-38.31,-6.04,-32.27
primary_hotter,1,.44088,-37.30,-6.04,-31.26
primary_hotter,1,.44289,-36.29,-6.04,-30.25
primary_hotter,1,.44489,-35.27,-6.04,-29.23
primary_hotter,1,.44689,-34.25,-6.04,-28.21
primary_hotter,1,.44890,-33.22,-6.04,-27.18
primary_hotter,1,.45090,-32.19,-6.04,-26.15
primary_hotter,1,.45291,-31.16,-6.04,-25.12
primary_hotter,1,.45491,-30.12,-6.04,-24.08
primary_hotter,1,.45691,-29.07,-6.04,-23.03
primary_hotter,1,.45892,-28.03,-6.04,-21.99
primary_hotter,1,.46092,-26.98,-6.04,-20.94
primary_hotter,1,.46293,-25.92,-6.04,-19.88
primary_hotter,1,.46493,-24.87,-6.04,-18.83
primary_hotter,1,.46693,-23.81,-6.04,-17.77
primary_hotter,1,.46894,-22.74,-6.04,-16.70
primary_hotter,1,.47094,-21.68,-6.04,-15.64
primary_hotter,1,.47295,-20.61,-6.04,-14.57
primary_hotter,1,.47495,-19.54,-6.04,-13.50
primary_hotter,1,.47695,-18.47,-6.04,-12.43
primary_hotter,1,.47896,-17.40,-6.04,-11.36
primary_hotter,1,.48096,-16.32,-6.04,-10.28
primary_hotter,1,.48297,-15.24,-6.04,-9.20
primary_hotter,1,.48497,-14.16,-6.04,-8.12
primary_hotter,1,.48697,-13.08,-6.04,-7.04
primary_hotter,1,.48898,-12.00,-6.04,-5.96
primary_hotter,1,.49098,-10.92,-6.04,-4.88
primary_hotter,1,.49299,-9.84,-6.04,-3.80
primary_hotter,1,.49499,-8.75,-6.04,-2.71
primary_hotter,1,.49699,-7.67,-6.04,-1.63
primary_hotter,1,.49900,-6.58,-6.04,-.55
primary_hotter,1,.50100,-5.50,-6.04,.54
primary_hotter,1,.50301,-4.42,-6.04,1.62
primary_hotter,1,.50501,-3.33,-6.04,2.71
primary_hotter,1,.50701,-2.25,-6.04,3.79
primary_hotter,1,.50902,-1.17,-6.04,4.87
primary_hotter,1,.51102,-.08,-6.04,5.96
primary_hotter,1,.51303,1.00,-6.04,7.04
primary_hotter,1,.51503,2.08,-6.04,8.12
primary_hotter,1,.51703,3.16,-6.04,9.20
primary_hotter,1,.51904,4.23,-6.04,10.27
primary_hotter,1,.52104,5.31,-6.04,11.35
primary_hotter,1,.52305,6.38,-6.04,12.42
primary_hotter,1,.52505,7.46,-6.04,13.50
primary_hotter,1,.52705,8.53,-6.04,14.57
primary_hotter,1,.52906,9.59,-6.04,15.63
primary_hotter,1,.53106,10.66,-6.04,16.70
primary_hotter,1,.53307,11.72,-6.04,17.76
primary_hotter,1,.53507,12.78,-6.04,18.82
primary_hotter,1,.53707,13.84,-6.04,19.88
primary_hotter,1,.53908,14.89,-6.04,20.93
primary_hotter,1,.54108,15.94,-6.04,21.98
primary_hotter,1,.54309,16.99,-6.04,23.03
primary_hotter,1,.54509,18.03,-6.04,24.07
primary_hotter,1,.54709,19.07,-6.04,25.11
primary_hotter,1,.54910,20.11,-6.04,26.14
primary_hotter,1,.55110,21.14,-6.04,27.18
primary_hotter,1,.55311,22.16,-6.04,28.20
primary_hotter,1,.55511,23.19,-6.04,29.22
primary_hotter,1,.55711,24.20,-6.04,30.24
primary_hotter,1,.55912,25.22,-6.04,31.26
primary_hotter,1,.56112,26.22,-6.04,32.26
primary_hotter,1,.56313,27.23,-6.04,33.27
primary_hotter,1,.56513,28.22,-6.04,34.26
primary_hotter,1,.56713,29.22,-6.04,35.26
primary_hotter,1,.56914,30.20,-6.04,36.24
primary_hotter,1,.57114,31.18,-6.04,37.22
primary_hotter,1,.57315,32.16,-6.04,38.20
primary_hotter,1,.57515,33.13,-6.04,39.17
primary_hotter,1,.57715,34.09,-6.04,40.13
primary_hotter,1,.57916,35.05,-6.04,41.09
primary_hotter,1,.58116,36.00,-6.04,42.04
primary_hotter,1,.58317,36.94,-6.04,42.98
primary_hotter,1,.58517,37.88,-6.04,43.91
primary_hotter,1,.58717,38.80,-6.04,44.84
primary_hotter,1,.58918,39.73,-6.04,45.77
primary_hotter,1,.59118,40.64,-6.04,46.68
primary_hotter,1,.59319,41.55,-6.04,47.59
primary_hotter,1,.59519,42.45,-6.04,48.49
primary_hotter,1,.59719,43.34,-6.04,49.38
primary_hotter,1,.59920,44.23,-6.04,50.27
primary_hotter,1,.60120,45.10,-6.04,51.14
primary_hotter,1,.60321,45.97,-6.04,52.01
primary_hotter,1,.60521,46.83,-6.04,52.87
primary_hotter,1,.60721,47.68,-6.04,53.72
primary_hotter,1,.60922,48.53,-6.04,54.57
primary_hotter,1,.61122,49.36,-6.04,55.40
primary_hotter,1,.61323,50.19,-6.04,56.23
primary_hotter,1,.61523,51.00,-6.04,57.04
primary_hotter,1,.61723,51.81,-6.04,57.85
primary_hotter,1,.61924,52.61,-6.04,58.65
primary_hotter,1,.62124,53.40,-6.04,59.44
primary_hotter,1,.62325,54.18,-6.04,60.22
primary_hotter,1,.62525,54.95,-6.04,60.99
primary_hotter,1,.62725,55.71,-6.04,61.75
primary_hotter,1,.62926,56.46,-6.04,62.50
primary_hotter,1,.63126,57.20,-6.04,63.24
primary_hotter,1,.63327,57.93,-6.04,63.97
primary_hotter,1,.63527,58.65,-6.04,64.69
primary_hotter,1,.63727,59.37,-6.04,65.40
primary_hotter,1,.63928,60.07,-6.04,66.10
primary_hotter,1,.64128,60.76,-6.04,66.79
primary_hotter,1,.64329,61.43,-6.04,67.47
primary_hotter,1,.64529,62.10,-6.04,68.14
primary_hotter,1,.64729,62.76,-6.04,68.80
primary_hotter,1,.64930,63.41,-6.04,69.45
primary_hotter,1,.65130,64.04,-6.04,70.08
primary_hotter,1,.65331,64.67,-6.04,70.71
primary_hotter,1,.65531,65.28,-6.04,71.32
primary_hotter,1,.65731,65.88,-6.04,71.92
primary_hotter,1,.65932,66.47,-6.04,72.51
primary_hotter,1,.66132,67.05,-6.04,73.09
primary_hotter,1,.66333,67.62,-6.04,73.66
primary_hotter,1,.66533,68.18,-6.04,74.22
primary_hotter,1,.66733,68.72,-6.04,74.76
primary_hotter,1,.66934,69.25,-6.04,75.29
primary_hotter,1,.67134,69.77,-6.04,75.81
primary_hotter,1,.67335,70.28,-6.04,76.32
primary_hotter,1,.67535,70.78,-6.04,76.82
primary_hotter,1,.67735,71.26,-6.04,77.30
primary_hotter,1,.67936,71.73,-6.04,77.77
primary_hotter,1,.68136,72.19,-6.04,78.23
primary_hotter,1,.68337,72.64,-6.04,78.68
primary_hotter,1,.68537,73.08,-6.04,79.11
primary_hotter,1,.68737,73.50,-6.04,79.54
primary_hotter,1,.68938,73.91,-6.04,79.95
primary_hotter,1,.69138,74.30,-6.04,80.34
primary_hotter,1,.69339,74.69,-6.04,80.73
primary_hotter,1,.69539,75.06,-6.04,81.10
primary_hotter,1,.69739,75.42,-6.04,81.46
primary_hotter,1,.69940,75.76,-6.04,81.80
primary_hotter,1,.70140,76.10,-6.04,82.13
primary_hotter,1,.70341,76.42,-6.04,82.45
primary_hotter,1,.70541,76.72,-6.04,82.76
primary_hotter,1,.70741,77.01,-6.04,83.05
primary_hotter,1,.70942,77.30,-6.04,83.33
primary_hotter,1,.71142,77.56,-6.04,83.60
primary_hotter,1,.71343,77.82,-6.04,83.85
primary_hotter,1,.71543,78.06,-6.04,84.10
primary_hotter,1,.71743,78.28,-6.04,84.32
primary_hotter,1,.71944,78.50,-6.04,84.54
primary_hotter,1,.72144,78.70,-6.04,84.74
primary_hotter,1,.72345,78.88,-6.04,84.92
primary_hotter,1,.72545,79.06,-6.04,85.10
primary_hotter,1,.72745,79.22,-6.04,85.26
primary_hotter,1,.72946,79.36,-6.04,85.40
primary_hotter,1,.73146,79.50,-6.04,85.54
primary_hotter,1,.73347,79.62,-6.04,85.65
primary_hotter,1,.73547,79.72,-6.04,85.76
primary_hotter,1,.73747,79.81,-6.04,85.85
primary_hotter,1,.73948,79.89,-6.04,85.93
primary_hotter,1,.74148,79.96,-6.04,86.00
primary_hotter,1,.74349,80.01,-6.04,86.05
primary_hotter,1,.74549,80.05,-6.04,86.08
primary_hotter,1,.74749,80.07,-6.04,86.11
primary_hotter,1,.74950,80.08,-6.04,86.12
primary_hotter,1,.75150,80.08,-6.04,86.12
primary_hotter,1,.75351,80.06,-6.04,86.10
primary_hotter,1,.75551,80.03,-6.04,86.07
primary_hotter,1,.75752,79.98,-6.04,86.02
primary_hotter,1,.75952,79.93,-6.04,85.97
primary_hotter,1,.76152,79.85,-6.04,85.89
primary_hotter,1,.76353,79.77,-6.04,85.81
primary_hotter,1,.76553,79.67,-6.04,85.71
primary_hotter,1,.76754,79.56,-6.04,85.60
primary_hotter,1,.76954,79.43,-6.04,85.47
primary_hotter,1,.77154,79.29,-6.04,85.33
primary_hotter,1,.77355,79.14,-6.04,85.18
primary_hotter,1,.77555,78.97,-6.04,85.01
primary_hotter,1,.77756,78.79,-6.04,84.83
primary_hotter,1,.77956,78.60,-6.04,84.64
primary_hotter,1,.78156,78.39,-6.04,84.43
primary_hotter,1,.78357,78.17,-6.04,84.21
primary_hotter,1,.78557,77.94,-6.04,83.98
primary_hotter,1,.78758,77.69,-6.04,83.73
primary_hotter,1,.78958,77.43,-6.04,83.47
primary_hotter,1,.79158,77.16,-6.04,83.20
primary_hotter,1,.79359,76.87,-6.04,82.91
primary_hotter,1,.79559,76.57,-6.04,82.61
primary_hotter,1,.79760,76.26,-6.04,82.30
primary_hotter,1,.79960,75.93,-6.04,81.97
primary_hotter,1,.80160,75.59,-6.04,81.63
primary_hotter,1,.80361,75.24,-6.04,81.28
primary_hotter,1,.80561,74.88,-6.04,80.92
primary_hotter,1,.80762,74.50,-6.04,80.54
primary_hotter,1,.80962,74.11,-6.04,80.15
primary_hotter,1,.81162,73.71,-6.04,79.75
primary_hotter,1,.81363,73.29,-6.04,79.33
primary_hotter,1,.81563,72.86,-6.04,78.90
primary_hotter,1,.81764,72.42,-6.04,78.46
primary_hotter,1,.81964,71.97,-6.04,78.01
primary_hotter,1,.82164,71.50,-6.04,77.54
primary_hotter,1,.82365,71.02,-6.04,77.06
primary_hotter,1,.82565,70.53,-6.04,76.57
primary_hotter,1,.82766,70.03,-6.04,76.07
primary_hotter,1,.82966,69.52,-6.04,75.56
primary_hotter,1,.83166,68.99,-6.04,75.03
primary_hotter,1,.83367,68.45,-6.04,74.49
primary_hotter,1,.83567,67.90,-6.04,73.94
primary_hotter,1,.83768,67.34,-6.04,73.38
primary_hotter,1,.83968,66.77,-6.04,72.81
primary_hotter,1,.84168,66.18,-6.04,72.22
primary_hotter,1,.84369,65.59,-6.04,71.63
primary_hotter,1,.84569,64.98,-6.04,71.02
primary_hotter,1,.84770,64.36,-6.04,70.40
primary_hotter,1,.84970,63.73,-6.04,69.77
primary_hotter,1,.85170,63.09,-6.04,69.13
primary_hotter,1,.85371,62.44,-6.04,68.48
primary_hotter,1,.85571,61.77,-6.04,67.81
primary_hotter,1,.85772,61.10,-6.04,67.14
primary_hotter,1,.85972,60.42,-6.04,66.46
primary_hotter,1,.86172,59.72,-6.04,65.76
primary_hotter,1,.86373,59.02,-6.04,65.05
primary_hotter,1,.86573,58.30,-6.04,64.34
primary_hotter,1,.86774,57.57,-6.04,63.61
primary_hotter,1,.86974,56.84,-6.04,62.88
primary_hotter,1,.87174,56.09,-6.04,62.13
primary_hotter,1,.87375,55.34,-6.04,61.38
primary_hotter,1,.87575,54.57,-6.04,60.61
primary_hotter,1,.87776,53.80,-6.04,59.83
primary_hotter,1,.87976,53.01,-6.04,59.05
primary_hotter,1,.88176,52.22,-6.04,58.26
primary_hotter,1,.88377,51.41,-6.04,57.45
primary_hotter,1,.88577,50.60,-6.04,56.64
primary_hotter,1,.88778,49.78,-6.04,55.82
primary_hotter,1,.88978,48.95,-6.04,54.99
primary_hotter,1,.89178,48.11,-6.04,54.15
primary_hotter,1,.89379,47.26,-6.04,53.30
primary_hotter,1,.89579,46.41,-6.04,52.45
primary_hotter,1,.89780,45.54,-6.04,51.58
primary_hotter,1,.89980,44.67,-6.04,50.71
primary_hotter,1,.90180,43.79,-6.04,49.83
primary_hotter,1,.90381,42.90,-6.04,48.94
primary_hotter,1,.90581,42.01,-6.04,48.05
primary_hotter,1,.90782,41.10,-6.04,47.14
primary_hotter,1,.90982,40.19,-6.04,46.23
primary_hotter,1,.91182,39.27,-6.04,45.31
primary_hotter,1,.91383,38.35,-6.04,44.39
primary_hotter,1,.91583,37.41,-6.04,43.45
primary_hotter,1,.91784,36.47,-6.04,42.51
primary_hotter,1,.91984,35.53,-6.04,41.57
primary_hotter,1,.92184,34.58,-6.04,40.61
primary_hotter,1,.92385,33.62,-6.04,39.66
primary_hotter,1,.92585,32.65,-6.04,38.69
primary_hotter,1,.92786,31.68,-6.04,37.72
primary_hotter,1,.92986,30.70,-6.04,36.74
primary_hotter,1,.93186,29.72,-6.04,35.76
primary_hotter,1,.93387,28.73,-6.04,34.77
primary_hotter,1,.93587,27.73,-6.04,33.77
primary_hotter,1,.93788,26.73,-6.04,32.77
primary_hotter,1,.93988,25.73,-6.04,31.77
primary_hotter,1,.94188,24.72,-6.04,30.76
primary_hotter,1,.94389,23.70,-6.04,29.74
primary_hotter,1,.94589,22.68,-6.04,28.72
primary_hotter,1,.94790,21.66,-6.04,27.70
primary_hotter,1,.94990,20.63,-6.04,26.67
primary_hotter,1,.95190,19.60,-6.04,25.63
primary_hotter,1,.95391,18.56,-6.04,24.60
primary_hotter,1,.95591,17.52,-6.04,23.56
primary_hotter,1,.95792,16.47,-6.04,22.51
primary_hotter,1,.95992,15.42,-6.04,21.46
primary_hotter,1,.96192,14.37,-6.04,20.41
primary_hotter,1,.96393,13.32,-6.04,19.36
primary_hotter,1,.96593,12.26,-6.04,18.30
primary_hotter,1,.96794,11.20,-6.04,17.24
primary_hotter,1,.96994,10.13,-6.04,16.17
primary_hotter,1,.97194,9.07,-6.04,15.11
primary_hotter,1,.97395,8.00,-6.04,14.04
primary_hotter,1,.97595,6.93,-6.04,12.97
primary_hotter,1,.97796,5.85,-6.04,11.89
primary_hotter,1,.97996,4.78,-6.04,10.82
primary_hotter,1,.98196,3.70,-6.04,9.74
primary_hotter,1,.98397,2.62,-6.04,8.66
primary_hotter,1,.98597,1.55,-6.04,7.58
primary_hotter,1,.98798,.46,-6.04,6.50
primary_hotter,1,.98998,-.62,-6.04,5.42
primary_hotter,1,.99198,-1.70,-6.04,4.34
primary_hotter,1,.99399,-2.78,-6.04,3.26
primary_hotter,1,.99599,-3.87,-6.04,2.17
primary_hotter,1,.99800,-4.95,-6.04,1.09
primary_hotter,1,1.00000,-6.04,-6.04,.00
primary_hotter,2,.00000,-6.04,-6.04,.00
primary_hotter,2,.00200,-7.12,-6.04,-1.08
primary_hotter,2,.00401,-8.20,-6.04,-2.16
primary_hotter,2,.00601,-9.29,-6.04,-3.25
primary_hotter,2,.00802,-10.37,-6.04,-4.33
primary_hotter,2,.01002,-11.45,-6.04,-5.41
primary_hotter,2,.01202,-12.54,-6.04,-6.50
primary_hotter,2,.01403,-13.62,-6.04,-7.58
primary_hotter,2,.01603,-14.70,-6.04,-8.66
primary_hotter,2,.01804,-15.77,-6.04,-9.73
primary_hotter,2,.02004,-16.85,-6.04,-10.81
primary_hotter,2,.02204,-17.93,-6.04,-11.89
primary_hotter,2,.02405,-19.00,-6.04,-12.96
primary_hotter,2,.02605,-20.07,-6.04,-14.03
primary_hotter,2,.02806,-21.14,-6.04,-15.10
primary_hotter,2,.03006,-22.20,-6.04,-16.17
primary_hotter,2,.03206,-23.27,-6.04,-17.23
primary_hotter,2,.03407,-24.33,-6.04,-18.29
primary_hotter,2,.03607,-25.39,-6.04,-19.35
primary_hotter,2,.03808,-26.44,-6.04,-20.40
primary_hotter,2,.04008,-27.49,-6.04,-21.46
primary_hotter,2,.04208,-28.54,-6.04,-22.50
primary_hotter,2,.04409,-29.59,-6.04,-23.55
primary_hotter,2,.04609,-30.63,-6.04,-24.59
primary_hotter,2,.04810,-31.67,-6.04,-25.63
primary_hotter,2,.05010,-32.70,-6.04,-26.66
primary_hotter,2,.05210,-33.73,-6.04,-27.69
primary_hotter,2,.05411,-34.75,-6.04,-28.71
primary_hotter,2,.05611,-35.77,-6.04,-29.73
primary_hotter,2,.05812,-36.79,-6.04,-30.75
primary_hotter,2,.06012,-37.80,-6.04,-31.76
primary_hotter,2,.06212,-38.80,-6.04,-32.77
primary_hotter,2,.06413,-39.80,-6.04,-33.77
primary_hotter,2,.06613,-40.80,-6.04,-34.76
primary_hotter,2,.06814,-41.79,-6.04,-35.75
primary_hotter,2,.07014,-42.77,-6.04,-36.73
primary_hotter,2,.07214,-43.75,-6.04,-37.71
primary_hotter,2,.07415,-44.72,-6.04,-38.68
primary_hotter,2,.07615,-45.69,-6.04,-39.65
primary_hotter,2,.07816,-46.65,-6.04,-40.61
primary_hotter,2,.08016,-47.60,-6.04,-41.56
primary_hotter,2,.08216,-48.55,-6.04,-42.51
primary_hotter,2,.08417,-49.49,-6.04,-43.45
primary_hotter,2,.08617,-50.42,-6.04,-44.38
primary_hotter,2,.08818,-51.34,-6.04,-45.31
primary_hotter,2,.09018,-52.26,-6.04,-46.22
primary_hotter,2,.09218,-53.17,-6.04,-47.14
primary_hotter,2,.09419,-54.08,-6.04,-48.04
primary_hotter,2,.09619,-54.97,-6.04,-48.94
primary_hotter,2,.09820,-55.86,-6.04,-49.82
primary_hotter,2,.10020,-56.74,-6.04,-50.70
primary_hotter,2,.10220,-57.62,-6.04,-51.58
primary_hotter,2,.10421,-58.48,-6.04,-52.44
primary_hotter,2,.10621,-59.34,-6.04,-53.30
primary_hotter,2,.10822,-60.18,-6.04,-54.14
primary_hotter,2,.11022,-61.02,-6.04,-54.98
primary_hotter,2,.11222,-61.85,-6.04,-55.81
primary_hotter,2,.11423,-62.67,-6.04,-56.64
primary_hotter,2,.11623,-63.49,-6.04,-57.45
primary_hotter,2,.11824,-64.29,-6.04,-58.25
primary_hotter,2,.12024,-65.08,-6.04,-59.04
primary_hotter,2,.12224,-65.87,-6.04,-59.83
primary_hotter,2,.12425,-66.64,-6.04,-60.60
primary_hotter,2,.12625,-67.41,-6.04,-61.37
primary_hotter,2,.12826,-68.17,-6.04,-62.13
primary_hotter,2,.13026,-68.91,-6.04,-62.87
primary_hotter,2,.13226,-69.65,-6.04,-63.61
primary_hotter,2,.13427,-70.37,-6.04,-64.33
primary_hotter,2,.13627,-71.09,-6.04,-65.05
primary_hotter,2,.13828,-71.79,-6.04,-65.76
primary_hotter,2,.14028,-72.49,-6.04,-66.45
primary_hotter,2,.14228,-73.17,-6.04,-67.14
primary_hotter,2,.14429,-73.85,-6.04,-67.81
primary_hotter,2,.14629,-74.51,-6.04,-68.47
primary_hotter,2,.14830,-75.16,-6.04,-69.12
primary_hotter,2,.15030,-75.80,-6.04,-69.77
primary_hotter,2,.15230,-76.43,-6.04,-70.40
primary_hotter,2,.15431,-77.05,-6.04,-71.01
primary_hotter,2,.15631,-77.66,-6.04,-71.62
primary_hotter,2,.15832,-78.26,-6.04,-72.22
primary_hotter,2,.16032,-78.84,-6.04,-72.80
primary_hotter,2,.16232,-79.42,-6.04,-73.38
primary_hotter,2,.16433,-79.98,-6.04,-73.94
primary_hotter,2,.16633,-80.53,-6.04,-74.49
primary_hotter,2,.16834,-81.07,-6.04,-75.03
primary_hotter,2,.17034,-81.59,-6.04,-75.55
primary_hotter,2,.17234,-82.11,-6.04,-76.07
primary_hotter,2,.17435,-82.61,-6.04,-76.57
primary_hotter,2,.17635,-83.10,-6.04,-77.06
primary_hotter,2,.17836,-83.58,-6.04,-77.54
primary_hotter,2,.18036,-84.04,-6.04,-78.00
primary_hotter,2,.18236,-84.50,-6.04,-78.46
primary_hotter,2,.18437,-84.94,-6.04,-78.90
primary_hotter,2,.18637,-85.37,-6.04,-79.33
primary_hotter,2,.18838,-85.78,-6.04,-79.74
primary_hotter,2,.19038,-86.19,-6.04,-80.15
primary_hotter,2,.19238,-86.58,-6.04,-80.54
primary_hotter,2,.19439,-86.95,-6.04,-80.91
primary_hotter,2,.19639,-87.32,-6.04,-81.28
primary_hotter,2,.19840,-87.67,-6.04,-81.63
primary_hotter,2,.20040,-88.01,-6.04,-81.97
primary_hotter,2,.20240,-88.34,-6.04,-82.30
primary_hotter,2,.20441,-88.65,-6.04,-82.61
primary_hotter,2,.20641,-88.95,-6.04,-82.91
primary_hotter,2,.20842,-89.23,-6.04,-83.20
primary_hotter,2,.21042,-89.51,-6.04,-83.47
primary_hotter,2,.21242,-89.77,-6.04,-83.73
primary_hotter,2,.21443,-90.02,-6.04,-83.98
primary_hotter,2,.21643,-90.25,-6.04,-84.21
primary_hotter,2,.21844,-90.47,-6.04,-84.43
primary_hotter,2,.22044,-90.68,-6.04,-84.64
primary_hotter,2,.22244,-90.87,-6.04,-84.83
primary_hotter,2,.22445,-91.05,-6.04,-85.01
primary_hotter,2,.22645,-91.22,-6.04,-85.18
primary_hotter,2,.22846,-91.37,-6.04,-85.33
primary_hotter,2,.23046,-91.51,-6.04,-85.47
primary_hotter,2,.23246,-91.64,-6.04,-85.60
primary_hotter,2,.23447,-91.75,-6.04,-85.71
primary_hotter,2,.23647,-91.85,-6.04,-85.81
primary_hotter,2,.23848,-91.93,-6.04,-85.89
primary_hotter,2,.24048,-92.00,-6.04,-85.97
primary_hotter,2,.24248,-92.06,-6.04,-86.02
primary_hotter,2,.24449,-92.11,-6.04,-86.07
primary_hotter,2,.24649,-92.14,-6.04,-86.10
primary_hotter,2,.24850,-92.15,-6.04,-86.12
primary_hotter,2,.25050,-92.16,-6.04,-86.12
primary_hotter,2,.25251,-92.15,-6.04,-86.11
primary_hotter,2,.25451,-92.12,-6.04,-86.08
primary_hotter,2,.25651,-92.09,-6.04,-86.05
primary_hotter,2,.25852,-92.04,-6.04,-86.00
primary_hotter,2,.26052,-91.97,-6.04,-85.93
primary_hotter,2,.26253,-91.89,-6.04,-85.85
primary_hotter,2,.26453,-91.80,-6.04,-85.76
primary_hotter,2,.26653,-91.69,-6.04,-85.66
primary_hotter,2,.26854,-91.58,-6.04,-85.54
primary_hotter,2,.27054,-91.44,-6.04,-85.40
primary_hotter,2,.27255,-91.30,-6.04,-85.26
primary_hotter,2,.27455,-91.14,-6.04,-85.10
primary_hotter,2,.27655,-90.96,-6.04,-84.92
primary_hotter,2,.27856,-90.78,-6.04,-84.74
primary_hotter,2,.28056,-90.58,-6.04,-84.54
primary_hotter,2,.28257,-90.36,-6.04,-84.32
primary_hotter,2,.28457,-90.14,-6.04,-84.10
primary_hotter,2,.28657,-89.90,-6.04,-83.86
primary_hotter,2,.28858,-89.64,-6.04,-83.60
primary_hotter,2,.29058,-89.37,-6.04,-83.34
primary_hotter,2,.29259,-89.09,-6.04,-83.06
primary_hotter,2,.29459,-88.80,-6.04,-82.76
primary_hotter,2,.29659,-88.50,-6.04,-82.46
primary_hotter,2,.29860,-88.18,-6.04,-82.14
primary_hotter,2,.30060,-87.84,-6.04,-81.80
primary_hotter,2,.30261,-87.50,-6.04,-81.46
primary_hotter,2,.30461,-87.14,-6.04,-81.10
primary_hotter,2,.30661,-86.77,-6.04,-80.73
primary_hotter,2,.30862,-86.38,-6.04,-80.35
primary_hotter,2,.31062,-85.99,-6.04,-79.95
primary_hotter,2,.31263,-85.58,-6.04,-79.54
primary_hotter,2,.31463,-85.16,-6.04,-79.12
primary_hotter,2,.31663,-84.72,-6.04,-78.68
primary_hotter,2,.31864,-84.27,-6.04,-78.24
primary_hotter,2,.32064,-83.82,-6.04,-77.78
primary_hotter,2,.32265,-83.34,-6.04,-77.30
primary_hotter,2,.32465,-82.86,-6.04,-76.82
primary_hotter,2,.32665,-82.36,-6.04,-76.32
primary_hotter,2,.32866,-81.86,-6.04,-75.82
primary_hotter,2,.33066,-81.33,-6.04,-75.30
primary_hotter,2,.33267,-80.80,-6.04,-74.76
primary_hotter,2,.33467,-80.26,-6.04,-74.22
primary_hotter,2,.33667,-79.70,-6.04,-73.66
primary_hotter,2,.33868,-79.13,-6.04,-73.10
primary_hotter,2,.34068,-78.56,-6.04,-72.52
primary_hotter,2,.34269,-77.97,-6.04,-71.93
primary_hotter,2,.34469,-77.36,-6.04,-71.32
primary_hotter,2,.34669,-76.75,-6.04,-70.71
primary_hotter,2,.34870,-76.13,-6.04,-70.09
primary_hotter,2,.35070,-75.49,-6.04,-69.45
primary_hotter,2,.35271,-74.84,-6.04,-68.80
primary_hotter,2,.35471,-74.19,-6.04,-68.15
primary_hotter,2,.35671,-73.52,-6.04,-67.48
primary_hotter,2,.35872,-72.84,-6.04,-66.80
primary_hotter,2,.36072,-72.15,-6.04,-66.11
primary_hotter,2,.36273,-71.45,-6.04,-65.41
primary_hotter,2,.36473,-70.74,-6.04,-64.70
primary_hotter,2,.36673,-70.02,-6.04,-63.98
primary_hotter,2,.36874,-69.29,-6.04,-63.25
primary_hotter,2,.37074,-68.54,-6.04,-62.51
primary_hotter,2,.37275,-67.79,-6.04,-61.75
primary_hotter,2,.37475,-67.03,-6.04,-60.99
primary_hotter,2,.37675,-66.26,-6.04,-60.22
primary_hotter,2,.37876,-65.48,-6.04,-59.44
primary_hotter,2,.38076,-64.69,-6.04,-58.65
primary_hotter,2,.38277,-63.89,-6.04,-57.86
primary_hotter,2,.38477,-63.09,-6.04,-57.05
primary_hotter,2,.38677,-62.27,-6.04,-56.23
primary_hotter,2,.38878,-61.44,-6.04,-55.41
primary_hotter,2,.39078,-60.61,-6.04,-54.57
primary_hotter,2,.39279,-59.77,-6.04,-53.73
primary_hotter,2,.39479,-58.91,-6.04,-52.88
primary_hotter,2,.39679,-58.05,-6.04,-52.02
primary_hotter,2,.39880,-57.19,-6.04,-51.15
primary_hotter,2,.40080,-56.31,-6.04,-50.27
primary_hotter,2,.40281,-55.43,-6.04,-49.39
primary_hotter,2,.40481,-54.53,-6.04,-48.49
primary_hotter,2,.40681,-53.63,-6.04,-47.59
primary_hotter,2,.40882,-52.73,-6.04,-46.69
primary_hotter,2,.41082,-51.81,-6.04,-45.77
primary_hotter,2,.41283,-50.89,-6.04,-44.85
primary_hotter,2,.41483,-49.96,-6.04,-43.92
primary_hotter,2,.41683,-49.02,-6.04,-42.98
primary_hotter,2,.41884,-48.08,-6.04,-42.04
primary_hotter,2,.42084,-47.13,-6.04,-41.09
primary_hotter,2,.42285,-46.17,-6.04,-40.14
primary_hotter,2,.42485,-45.21,-6.04,-39.17
primary_hotter,2,.42685,-44.24,-6.04,-38.20
primary_hotter,2,.42886,-43.27,-6.04,-37.23
primary_hotter,2,.43086,-42.29,-6.04,-36.25
primary_hotter,2,.43287,-41.30,-6.04,-35.26
primary_hotter,2,.43487,-40.31,-6.04,-34.27
primary_hotter,2,.43687,-39.31,-6.04,-33.27
primary_hotter,2,.43888,-38.31,-6.04,-32.27
primary_hotter,2,.44088,-37.30,-6.04,-31.26
primary_hotter,2,.44289,-36.29,-6.04,-30.25
primary_hotter,2,.44489,-35.27,-6.04,-29.23
primary_hotter,2,.44689,-34.25,-6.04,-28.21
primary_hotter,2,.44890,-33.22,-6.04,-27.18
primary_hotter,2,.45090,-32.19,-6.04,-26.15
primary_hotter,2,.45291,-31.16,-6.04,-25.12
primary_hotter,2,.45491,-30.12,-6.04,-24.08
primary_hotter,2,.45691,-29.07,-6.04,-23.03
primary_hotter,2,.45892,-28.03,-6.04,-21.99
primary_hotter,2,.46092,-26.98,-6.04,-20.94
primary_hotter,2,.46293,-25.92,-6.04,-19.88
primary_hotter,2,.46493,-24.87,-6.04,-18.83
primary_hotter,2,.46693,-23.81,-6.04,-17.77
primary_hotter,2,.46894,-22.74,-6.04,-16.70
primary_hotter,2,.47094,-21.68,-6.04,-15.64
primary_hotter,2,.47295,-20.61,-6.04,-14.57
primary_hotter,2,.47495,-19.54,-6.04,-13.50
primary_hotter,2,.47695,-18.47,-6.04,-12.43
primary_hotter,2,.47896,-17.40,-6.04,-11.36
primary_hotter,2,.48096,-16.32,-6.04,-10.28
primary_hotter,2,.48297,-15.24,-6.04,-9.20
primary_hotter,2,.48497,-14.16,-6.04,-8.12
primary_hotter,2,.48697,-13.08,-6.04,-7.04
primary_hotter,2,.48898,-12.00,-6.04,-5.96
primary_hotter,2,.49098,-10.92,-6.04,-4.88
primary_hotter,2,.49299,-9.84,-6.04,-3.80
primary_hotter,2,.49499,-8.75,-6.04,-2.71
primary_hotter,2,.49699,-7.67,-6.04,-1.63
primary_hotter,2,.49900,-6.58,-6.04,-.55
primary_hotter,2,.50100,-5.50,-6.04,.54
primary_hotter,2,.50301,-4.42,-6.04,1.62
primary_hotter,2,.50501,-3.33,-6.04,2.71
primary_hotter,2,.50701,-2.25,-6.04,3.79
primary_hotter,2,.50902,-1.17,-6.04,4.87
primary_hotter,2,.51102,-.08,-6.04,5.96
primary_hotter,2,.51303,1.00,-6.04,7.04
primary_hotter,2,.51503,2.08,-6.04,8.12
primary_hotter,2,.51703,3.16,-6.04,9.20
primary_hotter,2,.51904,4.23,-6.04,10.27
primary_hotter,2,.52104,5.31,-6.04,11.35
primary_hotter,2,.52305,6.38,-6.04,12.42
primary_hotter,2,.52505,7.46,-6.04,13.50
primary_hotter,2,.52705,8.53,-6.04,14.57
primary_hotter,2,.52906,9.59,-6.04,15.63
primary_hotter,2,.53106,10.66,-6.04,16.70
primary_hotter,2,.53307,11.72,-6.04,17.76
primary_hotter,2,.53507,12.78,-6.04,18.82
primary_hotter,2,.53707,13.84,-6.04,19.88
primary_hotter,2,.53908,14.89,-6.04,20.93
primary_hotter,2,.54108,15.94,-6.04,21.98
primary_hotter,2,.54309,16.99,-6.04,23.03
primary_hotter,2,.54509,18.03,-6.04,24.07
primary_hotter,2,.54709,19.07,-6.04,25.11
primary_hotter,2,.54910,20.11,-6.04,26.14
primary_hotter,2,.55110,21.14,-6.04,27.18
primary_hotter,2,.55311,22.16,-6.04,28.20
primary_hotter,2,.55511,23.19,-6.04,29.22
primary_hotter,2,.55711,24.20,-6.04,30.24
primary_hotter,2,.55912,25.22,-6.04,31.26
primary_hotter,2,.56112,26.22,-6.04,32.26
primary_hotter,2,.56313,27.23,-6.04,33.27
primary_hotter,2,.56513,28.22,-6.04,34.26
primary_hotter,2,.56713,29.22,-6.04,35.26
primary_hotter,2,.56914,30.20,-6.04,36.24
primary_hotter,2,.57114,31.18,-6.04,37.22
primary_hotter,2,.57315,32.16,-6.04,38.20
primary_hotter,2,.57515,33.13,-6.04,39.17
primary_hotter,2,.57715,34.09,-6.04,40.13
primary_hotter,2,.57916,35.05,-6.04,41.09
primary_hotter,2,.58116,36.00,-6.04,42.04
primary_hotter,2,.58317,36.94,-6.04,42.98
primary_hotter,2,.58517,37.88,-6.04,43.91
primary_hotter,2,.58717,38.80,-6.04,44.84
primary_hotter,2,.58918,39.73,-6.04,45.77
primary_hotter,2,.59118,40.64,-6.04,46.68
primary_hotter,2,.59319,41.55,-6.04,47.59
primary_hotter,2,.59519,42.45,-6.04,48.49
primary_hotter,2,.59719,43.34,-6.04,49.38
primary_hotter,2,.59920,44.23,-6.04,50.27
primary_hotter,2,.60120,45.10,-6.04,51.14
primary_hotter,2,.60321,45.97,-6.04,52.01
primary_hotter,2,.60521,46.83,-6.04,52.87
primary_hotter,2,.60721,47.68,-6.04,53.72
primary_hotter,2,.60922,48.53,-6.04,54.57
primary_hotter,2,.61122,49.36,-6.04,55.40
primary_hotter,2,.61323,50.19,-6.04,56.23
primary_hotter,2,.61523,51.00,-6.04,57.04
primary_hotter,2,.61723,51.81,-6.04,57.85
primary_hotter,2,.61924,52.61,-6.04,58.65
primary_hotter,2,.62124,53.40,-6.04,59.44
primary_hotter,2,.62325,54.18,-6.04,60.22
primary_hotter,2,.62525,54.95,-6.04,60.99
primary_hotter,2,.62725,55.71,-6.04,61.75
primary_hotter,2,.62926,56.46,-6.04,62.50
primary_hotter,2,.63126,57.20,-6.04,63.24
primary_hotter,2,.63327,57.93,-6.04,63.97
primary_hotter,2,.63527,58.65,-6.04,64.69
primary_hotter,2,.63727,59.37,-6.04,65.40
primary_hotter,2,.63928,60.07,-6.04,66.10
primary_hotter,2,.64128,60.76,-6.04,66.79
primary_hotter,2,.64329,61.43,-6.04,67.47
primary_hotter,2,.64529,62.10,-6.04,68.14
primary_hotter,2,.64729,62.76,-6.04,68.80
primary_hotter,2,.64930,63.41,-6.04,69.45
primary_hotter,2,.65130,64.04,-6.04,70.08
primary_hotter,2,.65331,64.67,-6.04,70.71
primary_hotter,2,.65531,65.28,-6.04,71.32
primary_hotter,2,.65731,65.88,-6.04,71.92
primary_hotter,2,.65932,66.47,-6.04,72.51
primary_hotter,2,.66132,67.05,-6.04,73.09
primary_hotter,2,.66333,67.62,-6.04,73.66
primary_hotter,2,.66533,68.18,-6.04,74.22
primary_hotter,2,.66733,68.72,-6.04,74.76
primary_hotter,2,.66934,69.25,-6.04,75.29
primary_hotter,2,.67134,69.77,-6.04,75.81
primary_hotter,2,.67335,70.28,-6.04,76.32
primary_hotter,2,.67535,70.78,-6.04,76.82
primary_hotter,2,.67735,71.26,-6.04,77.30
primary_hotter,2,.67936,71.73,-6.04,77.77
primary_hotter,2,.68136,72.19,-6.04,78.23
primary_hotter,2,.68337,72.64,-6.04,78.68
primary_hotter,2,.68537,73.08,-6.04,79.11
primary_hotter,2,.68737,73.50,-6.04,79.54
primary_hotter,2,.68938,73.91,-6.04,79.95
primary_hotter,2,.69138,74.30,-6.04,80.34
primary_hotter,2,.69339,74.69,-6.04,80.73
primary_hotter,2,.69539,75.06,-6.04,81.10
primary_hotter,2,.69739,75.42,-6.04,81.46
primary_hotter,2,.69940,75.76,-6.04,81.80
primary_hotter,2,.70140,76.10,-6.04,82.13
primary_hotter,2,.70341,76.42,-6.04,82.45
primary_hotter,2,.70541,76.72,-6.04,82.76
primary_hotter,2,.70741,77.01,-6.04,83.05
primary_hotter,2,.70942,77.30,-6.04,83.33
primary_hotter,2,.71142,77.56,-6.04,83.60
primary_hotter,2,.71343,77.82,-6.04,83.85
primary_hotter,2,.71543,78.06,-6.04,84.10
primary_hotter,2,.71743,78.28,-6.04,84.32
primary_hotter,2,.71944,78.50,-6.04,84.54
primary_hotter,2,.72144,78.70,-6.04,84.74
primary_hotter,2,.72345,78.88,-6.04,84.92
primary_hotter,2,.72545,79.06,-6.04,85.10
primary_hotter,2,.72745,79.22,-6.04,85.26
primary_hotter,2,.72946,79.36,-6.04,85.40
primary_hotter,2,.73146,79.50,-6.04,85.54
primary_hotter,2,.73347,79.62,-6.04,85.65
primary_hotter,2,.73547,79.72,-6.04,85.76
primary_hotter,2,.73747,79.81,-6.04,85.85
primary_hotter,2,.73948,79.89,-6.04,85.93
primary_hotter,2,.74148,79.96,-6.04,86.00
primary_hotter,2,.74349,80.01,-6.04,86.05
primary_hotter,2,.74549,80.05,-6.04,86.08
primary_hotter,2,.74749,80.07,-6.04,86.11
primary_hotter,2,.74950,80.08,-6.04,86.12
primary_hotter,2,.75150,80.08,-6.04,86.12
primary_hotter,2,.75351,80.06,-6.04,86.10
primary_hotter,2,.75551,80.03,-6.04,86.07
primary_hotter,2,.75752,79.98,-6.04,86.02
primary_hotter,2,.75952,79.93,-6.04,85.97
primary_hotter,2,.76152,79.85,-6.04,85.89
primary_hotter,2,.76353,79.77,-6.04,85.81
primary_hotter,2,.76553,79.67,-6.04,85.71
primary_hotter,2,.76754,79.56,-6.04,85.60
primary_hotter,2,.76954,79.43,-6.04,85.47
primary_hotter,2,.77154,79.29,-6.04,85.33
primary_hotter,2,.77355,79.14,-6.04,85.18
primary_hotter,2,.77555,78.97,-6.04,85.01
primary_hotter,2,.77756,78.79,-6.04,84.83
primary_hotter,2,.77956,78.60,-6.04,84.64
primary_hotter,2,.78156,78.39,-6.04,84.43
primary_hotter,2,.78357,78.17,-6.04,84.21
primary_hotter,2,.78557,77.94,-6.04,83.98
primary_hotter,2,.78758,77.69,-6.04,83.73
primary_hotter,2,.78958,77.43,-6.04,83.47
primary_hotter,2,.79158,77.16,-6.04,83.20
primary_hotter,2,.79359,76.87,-6.04,82.91
primary_hotter,2,.79559,76.57,-6.04,82.61
primary_hotter,2,.79760,76.26,-6.04,82.30
primary_hotter,2,.79960,75.93,-6.04,81.97
primary_hotter,2,.80160,75.59,-6.04,81.63
primary_hotter,2,.80361,75.24,-6.04,81.28
primary_hotter,2,.80561,74.88,-6.04,80.92
primary_hotter,2,.80762,74.50,-6.04,80.54
primary_hotter,2,.80962,74.11,-6.04,80.15
primary_hotter,2,.81162,73.71,-6.04,79.75
primary_hotter,2,.81363,73.29,-6.04,79.33
primary_hotter,2,.81563,72.86,-6.04,78.90
primary_hotter,2,.81764,72.42,-6.04,78.46
primary_hotter,2,.81964,71.97,-6.04,78.01
primary_hotter,2,.82164,71.50,-6.04,77.54
primary_hotter,2,.82365,71.02,-6.04,77.06
primary_hotter,2,.82565,70.53,-6.04,76.57
primary_hotter,2,.82766,70.03,-6.04,76.07
primary_hotter,2,.82966,69.52,-6.04,75.56
primary_hotter,2,.83166,68.99,-6.04,75.03
primary_hotter,2,.83367,68.45,-6.04,74.49
primary_hotter,2,.83567,67.90,-6.04,73.94
primary_hotter,2,.83768,67.34,-6.04,73.38
primary_hotter,2,.83968,66.77,-6.04,72.81
primary_hotter,2,.84168,66.18,-6.04,72.22
primary_hotter,2,.84369,65.59,-6.04,71.63
primary_hotter,2,.84569,64.98,-6.04,71.02
primary_hotter,2,.84770,64.36,-6.04,70.40
primary_hotter,2,.84970,63.73,-6.04,69.77
primary_hotter,2,.85170,63.09,-6.04,69.13
primary_hotter,2,.85371,62.44,-6.04,68.48
primary_hotter,2,.85571,61.77,-6.04,67.81
primary_hotter,2,.85772,61.10,-6.04,67.14
primary_hotter,2,.85972,60.42,-6.04,66.46
primary_hotter,2,.86172,59.72,-6.04,65.76
primary_hotter,2,.86373,59.02,-6.04,65.05
primary_hotter,2,.86573,58.30,-6.04,64.34
primary_hotter,2,.86774,57.57,-6.04,63.61
primary_hotter,2,.86974,56.84,-6.04,62.88
primary_hotter,2,.87174,56.09,-6.04,62.13
primary_hotter,2,.87375,55.34,-6.04,61.38
primary_hotter,2,.87575,54.57,-6.04,60.61
primary_hotter,2,.87776,53.80,-6.04,59.83
primary_hotter,2,.87976,53.01,-6.04,59.05
primary_hotter,2,.88176,52.22,-6.04,58.26
primary_hotter,2,.88377,51.41,-6.04,57.45
primary_hotter,2,.88577,50.60,-6.04,56.64
primary_hotter,2,.88778,49.78,-6.04,55.82
primary_hotter,2,.88978,48.95,-6.04,54.99
primary_hotter,2,.89178,48.11,-6.04,54.15
primary_hotter,2,.89379,47.26,-6.04,53.30
primary_hotter,2,.89579,46.41,-6.04,52.45
primary_hotter,2,.89780,45.54,-6.04,51.58
primary_hotter,2,.89980,44.67,-6.04,50.71
primary_hotter,2,.90180,43.79,-6.04,49.83
primary_hotter,2,.90381,42.90,-6.04,48.94
primary_hotter,2,.90581,42.01,-6.04,48.05
primary_hotter,2,.90782,41.10,-6.04,47.14
primary_hotter,2,.90982,40.19,-6.04,46.23
primary_hotter,2,.91182,39.27,-6.04,45.31
primary_hotter,2,.91383,38.35,-6.04,44.39
primary_hotter,2,.91583,37.41,-6.04,43.45
primary_hotter,2,.91784,36.47,-6.04,42.51
primary_hotter,2,.91984,35.53,-6.04,41.57
primary_hotter,2,.92184,34.58,-6.04,40.61
primary_hotter,2,.92385,33.62,-6.04,39.66
primary_hotter,2,.92585,32.65,-6.04,38.69
primary_hotter,2,.92786,31.68,-6.04,37.72
primary_hotter,2,.92986,30.70,-6.04,36.74
primary_hotter,2,.93186,29.72,-6.04,35.76
primary_hotter,2,.93387,28.73,-6.04,34.77
primary_hotter,2,.93587,27.73,-6.04,33.77
primary_hotter,2,.93788,26.73,-6.04,32.77
primary_hotter,2,.93988,25.73,-6.04,31.77
primary_hotter,2,.94188,24.72,-6.04,30.76
primary_hotter,2,.94389,23.70,-6.04,29.74
primary_hotter,2,.94589,22.68,-6.04,28.72
primary_hotter,2,.94790,21.66,-6.04,27.70
primary_hotter,2,.94990,20.63,-6.04,26.67
primary_hotter,2,.95190,19.60,-6.04,25.63
primary_hotter,2,.95391,18.56,-6.04,24.60
primary_hotter,2,.95591,17.52,-6.04,23.56
primary_hotter,2,.95792,16.47,-6.04,22.51
primary_hotter,2,.95992,15.42,-6.04,21.46
primary_hotter,2,.96192,14.37,-6.04,20.41
primary_hotter,2,.96393,13.32,-6.04,19.36
primary_hotter,2,.96593,12.26,-6.04,18.30
primary_hotter,2,.96794,11.20,-6.04,17.24
primary_hotter,2,.96994,10.13,-6.04,16.17
primary_hotter,2,.97194,9.07,-6.04,15.11
primary_hotter,2,.97395,8.00,-6.04,14.04
primary_hotter,2,.97595,6.93,-6.04,12.97
primary_hotter,2,.97796,5.85,-6.04,11.89
primary_hotter,2,.97996,4.78,-6.04,10.82
primary_hotter,2,.98196,3.70,-6.04,9.74
primary_hotter,2,.98397,2.62,-6.04,8.66
primary_hotter,2,.98597,1.55,-6.04,7.58
primary_hotter,2,.98798,.46,-6.04,6.50
primary_hotter,2,.98998,-.62,-6.04,5.42
primary_hotter,2,.99198,-1.70,-6.04,4.34
primary_hotter,2,.99399,-2.78,-6.04,3.26
primary_hotter,2,.99599,-3.87,-6.04,2.17
primary_hotter,2,.99800,-4.95,-6.04,1.09
primary_hotter,2,1.00000,-6.04,-6.04,.00
secondary_cooler,1,.00000,-5.23,-5.22,.00
secondary_cooler,1,.00200,-4.15,-5.22,1.07
secondary_cooler,1,.00401,-3.08,-5.22,2.14
secondary_cooler,1,.00601,-2.01,-5.22,3.21
secondary_cooler,1,.00802,-.94,-5.22,4.28
secondary_cooler,1,.01002,.13,-5.22,5.35
secondary_cooler,1,.01202,1.20,-5.22,6.42
secondary_cooler,1,.01403,2.27,-5.22,7.49
secondary_cooler,1,.01603,3.34,-5.22,8.56
secondary_cooler,1,.01804,4.40,-5.22,9.63
secondary_cooler,1,.02004,5.47,-5.22,10.69
secondary_cooler,1,.02204,6.53,-5.22,11.75
secondary_cooler,1,.02405,7.59,-5.22,12.81
secondary_cooler,1,.02605,8.65,-5.22,13.87
secondary_cooler,1,.02806,9.71,-5.22,14.93
secondary_cooler,1,.03006,10.76,-5.22,15.98
secondary_cooler,1,.03206,11.81,-5.22,17.04
secondary_cooler,1,.03407,12.86,-5.22,18.09
secondary_cooler,1,.03607,13.91,-5.22,19.13
secondary_cooler,1,.03808,14.95,-5.22,20.18
secondary_cooler,1,.04008,15.99,-5.22,21.22
secondary_cooler,1,.04208,17.03,-5.22,22.25
secondary_cooler,1,.04409,18.06,-5.22,23.29
secondary_cooler,1,.04609,19.09,-5.22,24.31
secondary_cooler,1,.04810,20.12,-5.22,25.34
secondary_cooler,1,.05010,21.14,-5.22,26.36
secondary_cooler,1,.05210,22.16,-5.22,27.38
secondary_cooler,1,.05411,23.17,-5.22,28.39
secondary_cooler,1,.05611,24.18,-5.22,29.40
secondary_cooler,1,.05812,25.18,-5.22,30.41
secondary_cooler,1,.06012,26.18,-5.22,31.40
secondary_cooler,1,.06212,27.18,-5.22,32.40
secondary_cooler,1,.06413,28.17,-5.22,33.39
secondary_cooler,1,.06613,29.15,-5.22,34.37
secondary_cooler,1,.06814,30.13,-5.22,35.35
secondary_cooler,1,.07014,31.10,-5.22,36.32
secondary_cooler,1,.07214,32.07,-5.22,37.29
secondary_cooler,1,.07415,33.03,-5.22,38.25
secondary_cooler,1,.07615,33.98,-5.22,39.20
secondary_cooler,1,.07816,34.93,-5.22,40.15
secondary_cooler,1,.08016,35.87,-5.22,41.10
secondary_cooler,1,.08216,36.81,-5.22,42.03
secondary_cooler,1,.08417,37.74,-5.22,42.96
secondary_cooler,1,.08617,38.66,-5.22,43.88
secondary_cooler,1,.08818,39.58,-5.22,44.80
secondary_cooler,1,.09018,40.48,-5.22,45.71
secondary_cooler,1,.09218,41.39,-5.22,46.61
secondary_cooler,1,.09419,42.28,-5.22,47.50
secondary_cooler,1,.09619,43.17,-5.22,48.39
secondary_cooler,1,.09820,44.04,-5.22,49.27
secondary_cooler,1,.10020,44.91,-5.22,50.14
secondary_cooler,1,.10220,45.78,-5.22,51.00
secondary_cooler,1,.10421,46.63,-5.22,51.85
secondary_cooler,1,.10621,47.48,-5.22,52.70
secondary_cooler,1,.10822,48.32,-5.22,53.54
secondary_cooler,1,.11022,49.15,-5.22,54.37
secondary_cooler,1,.11222,49.97,-5.22,55.19
secondary_cooler,1,.11423,50.78,-5.22,56.00
secondary_cooler,1,.11623,51.58,-5.22,56.80
secondary_cooler,1,.11824,52.38,-5.22,57.60
secondary_cooler,1,.12024,53.16,-5.22,58.38
secondary_cooler,1,.12224,53.94,-5.22,59.16
secondary_cooler,1,.12425,54.70,-5.22,59.93
secondary_cooler,1,.12625,55.46,-5.22,60.68
secondary_cooler,1,.12826,56.21,-5.22,61.43
secondary_cooler,1,.13026,56.95,-5.22,62.17
secondary_cooler,1,.13226,57.67,-5.22,62.90
secondary_cooler,1,.13427,58.39,-5.22,63.61
secondary_cooler,1,.13627,59.10,-5.22,64.32
secondary_cooler,1,.13828,59.80,-5.22,65.02
secondary_cooler,1,.14028,60.48,-5.22,65.71
secondary_cooler,1,.14228,61.16,-5.22,66.38
secondary_cooler,1,.14429,61.83,-5.22,67.05
secondary_cooler,1,.14629,62.48,-5.22,67.71
secondary_cooler,1,.14830,63.13,-5.22,68.35
secondary_cooler,1,.15030,63.76,-5.22,68.98
secondary_cooler,1,.15230,64.39,-5.22,69.61
secondary_cooler,1,.15431,65.00,-5.22,70.22
secondary_cooler,1,.15631,65.60,-5.22,70.82
secondary_cooler,1,.15832,66.19,-5.22,71.41
secondary_cooler,1,.16032,66.77,-5.22,71.99
secondary_cooler,1,.16232,67.33,-5.22,72.56
secondary_cooler,1,.16433,67.89,-5.22,73.11
secondary_cooler,1,.16633,68.43,-5.22,73.66
secondary_cooler,1,.16834,68.97,-5.22,74.19
secondary_cooler,1,.17034,69.49,-5.22,74.71
secondary_cooler,1,.17234,69.99,-5.22,75.22
secondary_cooler,1,.17435,70.49,-5.22,75.71
secondary_cooler,1,.17635,70.98,-5.22,76.20
secondary_cooler,1,.17836,71.45,-5.22,76.67
secondary_cooler,1,.18036,71.91,-5.22,77.13
secondary_cooler,1,.18236,72.36,-5.22,77.58
secondary_cooler,1,.18437,72.79,-5.22,78.02
secondary_cooler,1,.18637,73.22,-5.22,78.44
secondary_cooler,1,.18838,73.63,-5.22,78.85
secondary_cooler,1,.19038,74.03,-5.22,79.25
secondary_cooler,1,.19238,74.41,-5.22,79.63
secondary_cooler,1,.19439,74.79,-5.22,80.01
secondary_cooler,1,.19639,75.15,-5.22,80.37
secondary_cooler,1,.19840,75.49,-5.22,80.72
secondary_cooler,1,.20040,75.83,-5.22,81.05
secondary_cooler,1,.20240,76.15,-5.22,81.37
secondary_cooler,1,.20441,76.46,-5.22,81.68
secondary_cooler,1,.20641,76.76,-5.22,81.98
secondary_cooler,1,.20842,77.04,-5.22,82.26
secondary_cooler,1,.21042,77.31,-5.22,82.53
secondary_cooler,1,.21242,77.57,-5.22,82.79
secondary_cooler,1,.21443,77.81,-5.22,83.04
secondary_cooler,1,.21643,78.05,-5.22,83.27
secondary_cooler,1,.21844,78.26,-5.22,83.49
secondary_cooler,1,.22044,78.47,-5.22,83.69
secondary_cooler,1,.22244,78.66,-5.22,83.88
secondary_cooler,1,.22445,78.84,-5.22,84.06
secondary_cooler,1,.22645,79.00,-5.22,84.22
secondary_cooler,1,.22846,79.15,-5.22,84.38
secondary_cooler,1,.23046,79.29,-5.22,84.51
secondary_cooler,1,.23246,79.42,-5.22,84.64
secondary_cooler,1,.23447,79.53,-5.22,84.75
secondary_cooler,1,.23647,79.63,-5.22,84.85
secondary_cooler,1,.23848,79.71,-5.22,84.93
secondary_cooler,1,.24048,79.78,-5.22,85.00
secondary_cooler,1,.24248,79.84,-5.22,85.06
secondary_cooler,1,.24449,79.88,-5.22,85.10
secondary_cooler,1,.24649,79.91,-5.22,85.13
secondary_cooler,1,.24850,79.93,-5.22,85.15
secondary_cooler,1,.25050,79.93,-5.22,85.15
secondary_cooler,1,.25251,79.92,-5.22,85.14
secondary_cooler,1,.25451,79.90,-5.22,85.12
secondary_cooler,1,.25651,79.86,-5.22,85.08
secondary_cooler,1,.25852,79.81,-5.22,85.03
secondary_cooler,1,.26052,79.75,-5.22,84.97
secondary_cooler,1,.26253,79.67,-5.22,84.89
secondary_cooler,1,.26453,79.58,-5.22,84.80
secondary_cooler,1,.26653,79.47,-5.22,84.70
secondary_cooler,1,.26854,79.36,-5.22,84.58
secondary_cooler,1,.27054,79.23,-5.22,84.45
secondary_cooler,1,.27255,79.08,-5.22,84.30
secondary_cooler,1,.27455,78.92,-5.22,84.14
secondary_cooler,1,.27655,78.75,-5.22,83.97
secondary_cooler,1,.27856,78.57,-5.22,83.79
secondary_cooler,1,.28056,78.37,-5.22,83.59
secondary_cooler,1,.28257,78.16,-5.22,83.38
secondary_cooler,1,.28457,77.93,-5.22,83.16
secondary_cooler,1,.28657,77.70,-5.22,82.92
secondary_cooler,1,.28858,77.44,-5.22,82.67
secondary_cooler,1,.29058,77.18,-5.22,82.40
secondary_cooler,1,.29259,76.90,-5.22,82.13
secondary_cooler,1,.29459,76.61,-5.22,81.84
secondary_cooler,1,.29659,76.31,-5.22,81.53
secondary_cooler,1,.29860,75.99,-5.22,81.22
secondary_cooler,1,.30060,75.67,-5.22,80.89
secondary_cooler,1,.30261,75.32,-5.22,80.55
secondary_cooler,1,.30461,74.97,-5.22,80.19
secondary_cooler,1,.30661,74.60,-5.22,79.83
secondary_cooler,1,.30862,74.22,-5.22,79.45
secondary_cooler,1,.31062,73.83,-5.22,79.05
secondary_cooler,1,.31263,73.43,-5.22,78.65
secondary_cooler,1,.31463,73.01,-5.22,78.23
secondary_cooler,1,.31663,72.58,-5.22,77.80
secondary_cooler,1,.31864,72.14,-5.22,77.36
secondary_cooler,1,.32064,71.68,-5.22,76.91
secondary_cooler,1,.32265,71.22,-5.22,76.44
secondary_cooler,1,.32465,70.74,-5.22,75.96
secondary_cooler,1,.32665,70.25,-5.22,75.47
secondary_cooler,1,.32866,69.74,-5.22,74.97
secondary_cooler,1,.33066,69.23,-5.22,74.45
secondary_cooler,1,.33267,68.70,-5.22,73.93
secondary_cooler,1,.33467,68.17,-5.22,73.39
secondary_cooler,1,.33667,67.62,-5.22,72.84
secondary_cooler,1,.33868,67.06,-5.22,72.28
secondary_cooler,1,.34068,66.48,-5.22,71.70
secondary_cooler,1,.34269,65.90,-5.22,71.12
secondary_cooler,1,.34469,65.30,-5.22,70.53
secondary_cooler,1,.34669,64.70,-5.22,69.92
secondary_cooler,1,.34870,64.08,-5.22,69.30
secondary_cooler,1,.35070,63.45,-5.22,68.67
secondary_cooler,1,.35271,62.81,-5.22,68.03
secondary_cooler,1,.35471,62.16,-5.22,67.38
secondary_cooler,1,.35671,61.50,-5.22,66.72
secondary_cooler,1,.35872,60.83,-5.22,66.05
secondary_cooler,1,.36072,60.15,-5.22,65.37
secondary_cooler,1,.36273,59.45,-5.22,64.68
secondary_cooler,1,.36473,58.75,-5.22,63.97
secondary_cooler,1,.36673,58.04,-5.22,63.26
secondary_cooler,1,.36874,57.32,-5.22,62.54
secondary_cooler,1,.37074,56.58,-5.22,61.81
secondary_cooler,1,.37275,55.84,-5.22,61.06
secondary_cooler,1,.37475,55.09,-5.22,60.31
secondary_cooler,1,.37675,54.33,-5.22,59.55
secondary_cooler,1,.37876,53.56,-5.22,58.78
secondary_cooler,1,.38076,52.78,-5.22,58.00
secondary_cooler,1,.38277,51.99,-5.22,57.21
secondary_cooler,1,.38477,51.19,-5.22,56.41
secondary_cooler,1,.38677,50.38,-5.22,55.60
secondary_cooler,1,.38878,49.56,-5.22,54.79
secondary_cooler,1,.39078,48.74,-5.22,53.96
secondary_cooler,1,.39279,47.90,-5.22,53.13
secondary_cooler,1,.39479,47.06,-5.22,52.28
secondary_cooler,1,.39679,46.21,-5.22,51.43
secondary_cooler,1,.39880,45.35,-5.22,50.57
secondary_cooler,1,.40080,44.49,-5.22,49.71
secondary_cooler,1,.40281,43.61,-5.22,48.83
secondary_cooler,1,.40481,42.73,-5.22,47.95
secondary_cooler,1,.40681,41.84,-5.22,47.06
secondary_cooler,1,.40882,40.94,-5.22,46.16
secondary_cooler,1,.41082,40.04,-5.22,45.26
secondary_cooler,1,.41283,39.13,-5.22,44.35
secondary_cooler,1,.41483,38.21,-5.22,43.43
secondary_cooler,1,.41683,37.28,-5.22,42.50
secondary_cooler,1,.41884,36.35,-5.22,41.57
secondary_cooler,1,.42084,35.41,-5.22,40.63
secondary_cooler,1,.42285,34.46,-5.22,39.69
secondary_cooler,1,.42485,33.51,-5.22,38.73
secondary_cooler,1,.42685,32.55,-5.22,37.78
secondary_cooler,1,.42886,31.59,-5.22,36.81
secondary_cooler,1,.43086,30.62,-5.22,35.84
secondary_cooler,1,.43287,29.65,-5.22,34.87
secondary_cooler,1,.43487,28.66,-5.22,33.89
secondary_cooler,1,.43687,27.68,-5.22,32.90
secondary_cooler,1,.43888,26.69,-5.22,31.91
secondary_cooler,1,.44088,25.69,-5.22,30.91
secondary_cooler,1,.44289,24.69,-5.22,29.91
secondary_cooler,1,.44489,23.68,-5.22,28.90
secondary_cooler,1,.44689,22.67,-5.22,27.89
secondary_cooler,1,.44890,21.66,-5.22,26.88
secondary_cooler,1,.45090,20.64,-5.22,25.86
secondary_cooler,1,.45291,19.61,-5.22,24.83
secondary_cooler,1,.45491,18.59,-5.22,23.81
secondary_cooler,1,.45691,17.55,-5.22,22.78
secondary_cooler,1,.45892,16.52,-5.22,21.74
secondary_cooler,1,.46092,15.48,-5.22,20.70
secondary_cooler,1,.46293,14.44,-5.22,19.66
secondary_cooler,1,.46493,13.39,-5.22,18.62
secondary_cooler,1,.46693,12.35,-5.22,17.57
secondary_cooler,1,.46894,11.30,-5.22,16.52
secondary_cooler,1,.47094,10.24,-5.22,15.46
secondary_cooler,1,.47295,9.19,-5.22,14.41
secondary_cooler,1,.47495,8.13,-5.22,13.35
secondary_cooler,1,.47695,7.07,-5.22,12.29
secondary_cooler,1,.47896,6.01,-5.22,11.23
secondary_cooler,1,.48096,4.94,-5.22,10.17
secondary_cooler,1,.48297,3.88,-5.22,9.10
secondary_cooler,1,.48497,2.81,-5.22,8.03
secondary_cooler,1,.48697,1.74,-5.22,6.97
secondary_cooler,1,.48898,.67,-5.22,5.90
secondary_cooler,1,.49098,-.40,-5.22,4.83
secondary_cooler,1,.49299,-1.47,-5.22,3.76
secondary_cooler,1,.49499,-2.54,-5.22,2.68
secondary_cooler,1,.49699,-3.61,-5.22,1.61
secondary_cooler,1,.49900,-4.68,-5.22,.54
secondary_cooler,1,.50100,-5.75,-5.22,-.53
secondary_cooler,1,.50301,-6.83,-5.22,-1.60
secondary_cooler,1,.50501,-7.90,-5.22,-2.68
secondary_cooler,1,.50701,-8.97,-5.22,-3.75
secondary_cooler,1,.50902,-10.04,-5.22,-4.82
secondary_cooler,1,.51102,-11.11,-5.22,-5.89
secondary_cooler,1,.51303,-12.18,-5.22,-6.96
secondary_cooler,1,.51503,-13.25,-5.22,-8.03
secondary_cooler,1,.51703,-14.32,-5.22,-9.09
secondary_cooler,1,.51904,-15.38,-5.22,-10.16
secondary_cooler,1,.52104,-16.44,-5.22,-11.22
secondary_cooler,1,.52305,-17.51,-5.22,-12.28
secondary_cooler,1,.52505,-18.57,-5.22,-13.34
secondary_cooler,1,.52705,-19.62,-5.22,-14.40
secondary_cooler,1,.52906,-20.68,-5.22,-15.46
secondary_cooler,1,.53106,-21.73,-5.22,-16.51
secondary_cooler,1,.53307,-22.78,-5.22,-17.56
secondary_cooler,1,.53507,-23.83,-5.22,-18.61
secondary_cooler,1,.53707,-24.88,-5.22,-19.65
secondary_cooler,1,.53908,-25.92,-5.22,-20.70
secondary_cooler,1,.54108,-26.96,-5.22,-21.73
secondary_cooler,1,.54309,-27.99,-5.22,-22.77
secondary_cooler,1,.54509,-29.02,-5.22,-23.80
secondary_cooler,1,.54709,-30.05,-5.22,-24.83
secondary_cooler,1,.54910,-31.07,-5.22,-25.85
secondary_cooler,1,.55110,-32.09,-5.22,-26.87
secondary_cooler,1,.55311,-33.11,-5.22,-27.89
secondary_cooler,1,.55511,-34.12,-5.22,-28.90
secondary_cooler,1,.55711,-35.13,-5.22,-29.90
secondary_cooler,1,.55912,-36.13,-5.22,-30.91
secondary_cooler,1,.56112,-37.12,-5.22,-31.90
secondary_cooler,1,.56313,-38.12,-5.22,-32.89
secondary_cooler,1,.56513,-39.10,-5.22,-33.88
secondary_cooler,1,.56713,-40.08,-5.22,-34.86
secondary_cooler,1,.56914,-41.06,-5.22,-35.84
secondary_cooler,1,.57114,-42.03,-5.22,-36.81
secondary_cooler,1,.57315,-42.99,-5.22,-37.77
secondary_cooler,1,.57515,-43.95,-5.22,-38.73
secondary_cooler,1,.57715,-44.90,-5.22,-39.68
secondary_cooler,1,.57916,-45.85,-5.22,-40.63
secondary_cooler,1,.58116,-46.79,-5.22,-41.56
secondary_cooler,1,.58317,-47.72,-5.22,-42.50
secondary_cooler,1,.58517,-48.65,-5.22,-43.42
secondary_cooler,1,.58717,-49.56,-5.22,-44.34
secondary_cooler,1,.58918,-50.48,-5.22,-45.25
secondary_cooler,1,.59118,-51.38,-5.22,-46.16
secondary_cooler,1,.59319,-52.28,-5.22,-47.06
secondary_cooler,1,.59519,-53.17,-5.22,-47.95
secondary_cooler,1,.59719,-54.05,-5.22,-48.83
secondary_cooler,1,.59920,-54.92,-5.22,-49.70
secondary_cooler,1,.60120,-55.79,-5.22,-50.57
secondary_cooler,1,.60321,-56.65,-5.22,-51.43
secondary_cooler,1,.60521,-57.50,-5.22,-52.28
secondary_cooler,1,.60721,-58.34,-5.22,-53.12
secondary_cooler,1,.60922,-59.18,-5.22,-53.95
secondary_cooler,1,.61122,-60.00,-5.22,-54.78
secondary_cooler,1,.61323,-60.82,-5.22,-55.60
secondary_cooler,1,.61523,-61.63,-5.22,-56.40
secondary_cooler,1,.61723,-62.42,-5.22,-57.20
secondary_cooler,1,.61924,-63.21,-5.22,-57.99
secondary_cooler,1,.62124,-64.00,-5.22,-58.77
secondary_cooler,1,.62325,-64.77,-5.22,-59.54
secondary_cooler,1,.62525,-65.53,-5.22,-60.31
secondary_cooler,1,.62725,-66.28,-5.22,-61.06
secondary_cooler,1,.62926,-67.02,-5.22,-61.80
secondary_cooler,1,.63126,-67.76,-5.22,-62.53
secondary_cooler,1,.63327,-68.48,-5.22,-63.26
secondary_cooler,1,.63527,-69.19,-5.22,-63.97
secondary_cooler,1,.63727,-69.89,-5.22,-64.67
secondary_cooler,1,.63928,-70.59,-5.22,-65.36
secondary_cooler,1,.64128,-71.27,-5.22,-66.05
secondary_cooler,1,.64329,-71.94,-5.22,-66.72
secondary_cooler,1,.64529,-72.60,-5.22,-67.38
secondary_cooler,1,.64729,-73.25,-5.22,-68.03
secondary_cooler,1,.64930,-73.89,-5.22,-68.67
secondary_cooler,1,.65130,-74.52,-5.22,-69.30
secondary_cooler,1,.65331,-75.14,-5.22,-69.91
secondary_cooler,1,.65531,-75.74,-5.22,-70.52
secondary_cooler,1,.65731,-76.34,-5.22,-71.12
secondary_cooler,1,.65932,-76.92,-5.22,-71.70
secondary_cooler,1,.66132,-77.50,-5.22,-72.27
secondary_cooler,1,.66333,-78.06,-5.22,-72.84
secondary_cooler,1,.66533,-78.61,-5.22,-73.38
secondary_cooler,1,.66733,-79.15,-5.22,-73.92
secondary_cooler,1,.66934,-79.67,-5.22,-74.45
secondary_cooler,1,.67134,-80.19,-5.22,-74.96
secondary_cooler,1,.67335,-80.69,-5.22,-75.47
secondary_cooler,1,.67535,-81.18,-5.22,-75.96
secondary_cooler,1,.67735,-81.66,-5.22,-76.44
secondary_cooler,1,.67936,-82.12,-5.22,-76.90
secondary_cooler,1,.68136,-82.58,-5.22,-77.36
secondary_cooler,1,.68337,-83.02,-5.22,-77.80
secondary_cooler,1,.68537,-83.45,-5.22,-78.23
secondary_cooler,1,.68737,-83.87,-5.22,-78.65
secondary_cooler,1,.68938,-84.27,-5.22,-79.05
secondary_cooler,1,.69138,-84.67,-5.22,-79.44
secondary_cooler,1,.69339,-85.05,-5.22,-79.82
secondary_cooler,1,.69539,-85.41,-5.22,-80.19
secondary_cooler,1,.69739,-85.77,-5.22,-80.54
secondary_cooler,1,.69940,-86.11,-5.22,-80.89
secondary_cooler,1,.70140,-86.44,-5.22,-81.22
secondary_cooler,1,.70341,-86.75,-5.22,-81.53
secondary_cooler,1,.70541,-87.06,-5.22,-81.83
secondary_cooler,1,.70741,-87.35,-5.22,-82.12
secondary_cooler,1,.70942,-87.62,-5.22,-82.40
secondary_cooler,1,.71142,-87.89,-5.22,-82.67
secondary_cooler,1,.71343,-88.14,-5.22,-82.92
secondary_cooler,1,.71543,-88.38,-5.22,-83.15
secondary_cooler,1,.71743,-88.60,-5.22,-83.38
secondary_cooler,1,.71944,-88.81,-5.22,-83.59
secondary_cooler,1,.72144,-89.01,-5.22,-83.79
secondary_cooler,1,.72345,-89.19,-5.22,-83.97
secondary_cooler,1,.72545,-89.37,-5.22,-84.14
secondary_cooler,1,.72745,-89.52,-5.22,-84.30
secondary_cooler,1,.72946,-89.67,-5.22,-84.45
secondary_cooler,1,.73146,-89.80,-5.22,-84.58
secondary_cooler,1,.73347,-89.92,-5.22,-84.70
secondary_cooler,1,.73547,-90.02,-5.22,-84.80
secondary_cooler,1,.73747,-90.11,-5.22,-84.89
secondary_cooler,1,.73948,-90.19,-5.22,-84.97
secondary_cooler,1,.74148,-90.26,-5.22,-85.03
secondary_cooler,1,.74349,-90.31,-5.22,-85.08
secondary_cooler,1,.74549,-90.34,-5.22,-85.12
secondary_cooler,1,.74749,-90.37,-5.22,-85.14
secondary_cooler,1,.74950,-90.38,-5.22,-85.15
secondary_cooler,1,.75150,-90.37,-5.22,-85.15
secondary_cooler,1,.75351,-90.36,-5.22,-85.13
secondary_cooler,1,.75551,-90.33,-5.22,-85.10
secondary_cooler,1,.75752,-90.28,-5.22,-85.06
secondary_cooler,1,.75952,-90.23,-5.22,-85.00
secondary_cooler,1,.76152,-90.15,-5.22,-84.93
secondary_cooler,1,.76353,-90.07,-5.22,-84.85
secondary_cooler,1,.76553,-89.97,-5.22,-84.75
secondary_cooler,1,.76754,-89.86,-5.22,-84.64
secondary_cooler,1,.76954,-89.74,-5.22,-84.51
secondary_cooler,1,.77154,-89.60,-5.22,-84.38
secondary_cooler,1,.77355,-89.45,-5.22,-84.23
secondary_cooler,1,.77555,-89.28,-5.22,-84.06
secondary_cooler,1,.77756,-89.10,-5.22,-83.88
secondary_cooler,1,.77956,-88.91,-5.22,-83.69
secondary_cooler,1,.78156,-88.71,-5.22,-83.49
secondary_cooler,1,.78357,-88.49,-5.22,-83.27
secondary_cooler,1,.78557,-88.26,-5.22,-83.04
secondary_cooler,1,.78758,-88.02,-5.22,-82.79
secondary_cooler,1,.78958,-87.76,-5.22,-82.54
secondary_cooler,1,.79158,-87.49,-5.22,-82.27
secondary_cooler,1,.79359,-87.20,-5.22,-81.98
secondary_cooler,1,.79559,-86.91,-5.22,-81.69
secondary_cooler,1,.79760,-86.60,-5.22,-81.38
secondary_cooler,1,.79960,-86.28,-5.22,-81.05
secondary_cooler,1,.80160,-85.94,-5.22,-80.72
secondary_cooler,1,.80361,-85.59,-5.22,-80.37
secondary_cooler,1,.80561,-85.23,-5.22,-80.01
secondary_cooler,1,.80762,-84.86,-5.22,-79.64
secondary_cooler,1,.80962,-84.47,-5.22,-79.25
secondary_cooler,1,.81162,-84.08,-5.22,-78.85
secondary_cooler,1,.81363,-83.66,-5.22,-78.44
secondary_cooler,1,.81563,-83.24,-5.22,-78.02
secondary_cooler,1,.81764,-82.80,-5.22,-77.58
secondary_cooler,1,.81964,-82.36,-5.22,-77.13
secondary_cooler,1,.82164,-81.90,-5.22,-76.67
secondary_cooler,1,.82365,-81.42,-5.22,-76.20
secondary_cooler,1,.82565,-80.94,-5.22,-75.72
secondary_cooler,1,.82766,-80.44,-5.22,-75.22
secondary_cooler,1,.82966,-79.93,-5.22,-74.71
secondary_cooler,1,.83166,-79.41,-5.22,-74.19
secondary_cooler,1,.83367,-78.88,-5.22,-73.66
secondary_cooler,1,.83567,-78.34,-5.22,-73.11
secondary_cooler,1,.83768,-77.78,-5.22,-72.56
secondary_cooler,1,.83968,-77.21,-5.22,-71.99
secondary_cooler,1,.84168,-76.64,-5.22,-71.41
secondary_cooler,1,.84369,-76.05,-5.22,-70.82
secondary_cooler,1,.84569,-75.45,-5.22,-70.22
secondary_cooler,1,.84770,-74.83,-5.22,-69.61
secondary_cooler,1,.84970,-74.21,-5.22,-68.99
secondary_cooler,1,.85170,-73.58,-5.22,-68.35
secondary_cooler,1,.85371,-72.93,-5.22,-67.71
secondary_cooler,1,.85571,-72.28,-5.22,-67.05
secondary_cooler,1,.85772,-71.61,-5.22,-66.39
secondary_cooler,1,.85972,-70.93,-5.22,-65.71
secondary_cooler,1,.86172,-70.25,-5.22,-65.02
secondary_cooler,1,.86373,-69.55,-5.22,-64.33
secondary_cooler,1,.86573,-68.84,-5.22,-63.62
secondary_cooler,1,.86774,-68.12,-5.22,-62.90
secondary_cooler,1,.86974,-67.40,-5.22,-62.17
secondary_cooler,1,.87174,-66.66,-5.22,-61.44
secondary_cooler,1,.87375,-65.91,-5.22,-60.69
secondary_cooler,1,.87575,-65.15,-5.22,-59.93
secondary_cooler,1,.87776,-64.39,-5.22,-59.16
secondary_cooler,1,.87976,-63.61,-5.22,-58.39
secondary_cooler,1,.88176,-62.83,-5.22,-57.60
secondary_cooler,1,.88377,-62.03,-5.22,-56.81
secondary_cooler,1,.88577,-61.23,-5.22,-56.01
secondary_cooler,1,.88778,-60.42,-5.22,-55.19
secondary_cooler,1,.88978,-59.60,-5.22,-54.37
secondary_cooler,1,.89178,-58.77,-5.22,-53.54
secondary_cooler,1,.89379,-57.93,-5.22,-52.71
secondary_cooler,1,.89579,-57.08,-5.22,-51.86
secondary_cooler,1,.89780,-56.23,-5.22,-51.01
secondary_cooler,1,.89980,-55.36,-5.22,-50.14
secondary_cooler,1,.90180,-54.49,-5.22,-49.27
secondary_cooler,1,.90381,-53.62,-5.22,-48.39
secondary_cooler,1,.90581,-52.73,-5.22,-47.51
secondary_cooler,1,.90782,-51.84,-5.22,-46.61
secondary_cooler,1,.90982,-50.94,-5.22,-45.71
secondary_cooler,1,.91182,-50.03,-5.22,-44.80
secondary_cooler,1,.91383,-49.11,-5.22,-43.89
secondary_cooler,1,.91583,-48.19,-5.22,-42.97
secondary_cooler,1,.91784,-47.26,-5.22,-42.04
secondary_cooler,1,.91984,-46.32,-5.22,-41.10
secondary_cooler,1,.92184,-45.38,-5.22,-40.16
secondary_cooler,1,.92385,-44.43,-5.22,-39.21
secondary_cooler,1,.92585,-43.48,-5.22,-38.26
secondary_cooler,1,.92786,-42.52,-5.22,-37.30
secondary_cooler,1,.92986,-41.55,-5.22,-36.33
secondary_cooler,1,.93186,-40.58,-5.22,-35.36
secondary_cooler,1,.93387,-39.60,-5.22,-34.38
secondary_cooler,1,.93587,-38.62,-5.22,-33.39
secondary_cooler,1,.93788,-37.63,-5.22,-32.40
secondary_cooler,1,.93988,-36.63,-5.22,-31.41
secondary_cooler,1,.94188,-35.63,-5.22,-30.41
secondary_cooler,1,.94389,-34.63,-5.22,-29.41
secondary_cooler,1,.94589,-33.62,-5.22,-28.40
secondary_cooler,1,.94790,-32.61,-5.22,-27.39
secondary_cooler,1,.94990,-31.59,-5.22,-26.37
secondary_cooler,1,.95190,-30.57,-5.22,-25.35
secondary_cooler,1,.95391,-29.54,-5.22,-24.32
secondary_cooler,1,.95591,-28.51,-5.22,-23.29
secondary_cooler,1,.95792,-27.48,-5.22,-22.26
secondary_cooler,1,.95992,-26.44,-5.22,-21.22
secondary_cooler,1,.96192,-25.40,-5.22,-20.18
secondary_cooler,1,.96393,-24.36,-5.22,-19.14
secondary_cooler,1,.96593,-23.31,-5.22,-18.09
secondary_cooler,1,.96794,-22.27,-5.22,-17.04
secondary_cooler,1,.96994,-21.21,-5.22,-15.99
secondary_cooler,1,.97194,-20.16,-5.22,-14.94
secondary_cooler,1,.97395,-19.10,-5.22,-13.88
secondary_cooler,1,.97595,-18.04,-5.22,-12.82
secondary_cooler,1,.97796,-16.98,-5.22,-11.76
secondary_cooler,1,.97996,-15.92,-5.22,-10.70
secondary_cooler,1,.98196,-14.86,-5.22,-9.63
secondary_cooler,1,.98397,-13.79,-5.22,-8.57
secondary_cooler,1,.98597,-12.72,-5.22,-7.50
secondary_cooler,1,.98798,-11.65,-5.22,-6.43
secondary_cooler,1,.98998,-10.58,-5.22,-5.36
secondary_cooler,1,.99198,-9.51,-5.22,-4.29
secondary_cooler,1,.99399,-8.44,-5.22,-3.22
secondary_cooler,1,.99599,-7.37,-5.22,-2.15
secondary_cooler,1,.99800,-6.30,-5.22,-1.08
secondary_cooler,1,1.00000,-5.23,-5.22,.00
secondary_cooler,2,.00000,-5.23,-5.22,.00
secondary_cooler,2,.00200,-4.15,-5.22,1.07
secondary_cooler,2,.00401,-3.08,-5.22,2.14
secondary_cooler,2,.00601,-2.01,-5.22,3.21
secondary_cooler,2,.00802,-.94,-5.22,4.28
secondary_cooler,2,.01002,.13,-5.22,5.35
secondary_cooler,2,.01202,1.20,-5.22,6.42
secondary_cooler,2,.01403,2.27,-5.22,7.49
secondary_cooler,2,.01603,3.34,-5.22,8.56
secondary_cooler,2,.01804,4.40,-5.22,9.63
secondary_cooler,2,.02004,5.47,-5.22,10.69
secondary_cooler,2,.02204,6.53,-5.22,11.75
secondary_cooler,2,.02405,7.59,-5.22,12.81
secondary_cooler,2,.02605,8.65,-5.22,13.87
secondary_cooler,2,.02806,9.71,-5.22,14.93
secondary_cooler,2,.03006,10.76,-5.22,15.98
secondary_cooler,2,.03206,11.81,-5.22,17.04
secondary_cooler,2,.03407,12.86,-5.22,18.09
secondary_cooler,2,.03607,13.91,-5.22,19.13
secondary_cooler,2,.03808,14.95,-5.22,20.18
secondary_cooler,2,.04008,15.99,-5.22,21.22
secondary_cooler,2,.04208,17.03,-5.22,22.25
secondary_cooler,2,.04409,18.06,-5.22,23.29
secondary_cooler,2,.04609,19.09,-5.22,24.31
secondary_cooler,2,.04810,20.12,-5.22,25.34
secondary_cooler,2,.05010,21.14,-5.22,26.36
secondary_cooler,2,.05210,22.16,-5.22,27.38
secondary_cooler,2,.05411,23.17,-5.22,28.39
secondary_cooler,2,.05611,24.18,-5.22,29.40
secondary_cooler,2,.05812,25.18,-5.22,30.41
secondary_cooler,2,.06012,26.18,-5.22,31.40
secondary_cooler,2,.06212,27.18,-5.22,32.40
secondary_cooler,2,.06413,28.17,-5.22,33.39
secondary_cooler,2,.06613,29.15,-5.22,34.37
secondary_cooler,2,.06814,30.13,-5.22,35.35
secondary_cooler,2,.07014,31.10,-5.22,36.32
secondary_cooler,2,.07214,32.07,-5.22,37.29
secondary_cooler,2,.07415,33.03,-5.22,38.25
secondary_cooler,2,.07615,33.98,-5.22,39.20
secondary_cooler,2,.07816,34.93,-5.22,40.15
secondary_cooler,2,.08016,35.87,-5.22,41.10
secondary_cooler,2,.08216,36.81,-5.22,42.03
secondary_cooler,2,.08417,37.74,-5.22,42.96
secondary_cooler,2,.08617,38.66,-5.22,43.88
secondary_cooler,2,.08818,39.58,-5.22,44.80
secondary_cooler,2,.09018,40.48,-5.22,45.71
secondary_cooler,2,.09218,41.39,-5.22,46.61
secondary_cooler,2,.09419,42.28,-5.22,47.50
secondary_cooler,2,.09619,43.17,-5.22,48.39
secondary_cooler,2,.09820,44.04,-5.22,49.27
secondary_cooler,2,.10020,44.91,-5.22,50.14
secondary_cooler,2,.10220,45.78,-5.22,51.00
secondary_cooler,2,.10421,46.63,-5.22,51.85
secondary_cooler,2,.10621,47.48,-5.22,52.70
secondary_cooler,2,.10822,48.32,-5.22,53.54
secondary_cooler,2,.11022,49.15,-5.22,54.37
secondary_cooler,2,.11222,49.97,-5.22,55.19
secondary_cooler,2,.11423,50.78,-5.22,56.00
secondary_cooler,2,.11623,51.58,-5.22,56.80
secondary_cooler,2,.11824,52.38,-5.22,57.60
secondary_cooler,2,.12024,53.16,-5.22,58.38
secondary_cooler,2,.12224,53.94,-5.22,59.16
secondary_cooler,2,.12425,54.70,-5.22,59.93
secondary_cooler,2,.12625,55.46,-5.22,60.68
secondary_cooler,2,.12826,56.21,-5.22,61.43
secondary_cooler,2,.13026,56.95,-5.22,62.17
secondary_cooler,2,.13226,57.67,-5.22,62.90
secondary_cooler,2,.13427,58.39,-5.22,63.61
secondary_cooler,2,.13627,59.10,-5.22,64.32
secondary_cooler,2,.13828,59.80,-5.22,65.02
secondary_cooler,2,.14028,60.48,-5.22,65.71
secondary_cooler,2,.14228,61.16,-5.22,66.38
secondary_cooler,2,.14429,61.83,-5.22,67.05
secondary_cooler,2,.14629,62.48,-5.22,67.71
secondary_cooler,2,.14830,63.13,-5.22,68.35
secondary_cooler,2,.15030,63.76,-5.22,68.98
secondary_cooler,2,.15230,64.39,-5.22,69.61
secondary_cooler,2,.15431,65.00,-5.22,70.22
secondary_cooler,2,.15631,65.60,-5.22,70.82
secondary_cooler,2,.15832,66.19,-5.22,71.41
secondary_cooler,2,.16032,66.77,-5.22,71.99
secondary_cooler,2,.16232,67.33,-5.22,72.56
secondary_cooler,2,.16433,67.89,-5.22,73.11
secondary_cooler,2,.16633,68.43,-5.22,73.66
secondary_cooler,2,.16834,68.97,-5.22,74.19
secondary_cooler,2,.17034,69.49,-5.22,74.71
secondary_cooler,2,.17234,69.99,-5.22,75.22
secondary_cooler,2,.17435,70.49,-5.22,75.71
secondary_cooler,2,.17635,70.98,-5.22,76.20
secondary_cooler,2,.17836,71.45,-5.22,76.67
secondary_cooler,2,.18036,71.91,-5.22,77.13
secondary_cooler,2,.18236,72.36,-5.22,77.58
secondary_cooler,2,.18437,72.79,-5.22,78.02
secondary_cooler,2,.18637,73.22,-5.22,78.44
secondary_cooler,2,.18838,73.63,-5.22,78.85
secondary_cooler,2,.19038,74.03,-5.22,79.25
secondary_cooler,2,.19238,74.41,-5.22,79.63
secondary_cooler,2,.19439,74.79,-5.22,80.01
secondary_cooler,2,.19639,75.15,-5.22,80.37
secondary_cooler,2,.19840,75.49,-5.22,80.72
secondary_cooler,2,.20040,75.83,-5.22,81.05
secondary_cooler,2,.20240,76.15,-5.22,81.37
secondary_cooler,2,.20441,76.46,-5.22,81.68
secondary_cooler,2,.20641,76.76,-5.22,81.98
secondary_cooler,2,.20842,77.04,-5.22,82.26
secondary_cooler,2,.21042,77.31,-5.22,82.53
secondary_cooler,2,.21242,77.57,-5.22,82.79
secondary_cooler,2,.21443,77.81,-5.22,83.04
secondary_cooler,2,.21643,78.05,-5.22,83.27
secondary_cooler,2,.21844,78.26,-5.22,83.49
secondary_cooler,2,.22044,78.47,-5.22,83.69
secondary_cooler,2,.22244,78.66,-5.22,83.88
secondary_cooler,2,.22445,78.84,-5.22,84.06
secondary_cooler,2,.22645,79.00,-5.22,84.22
secondary_cooler,2,.22846,79.15,-5.22,84.38
secondary_cooler,2,.23046,79.29,-5.22,84.51
secondary_cooler,2,.23246,79.42,-5.22,84.64
secondary_cooler,2,.23447,79.53,-5.22,84.75
secondary_cooler,2,.23647,79.63,-5.22,84.85
secondary_cooler,2,.23848,79.71,-5.22,84.93
secondary_cooler,2,.24048,79.78,-5.22,85.00
secondary_cooler,2,.24248,79.84,-5.22,85.06
secondary_cooler,2,.24449,79.88,-5.22,85.10
secondary_cooler,2,.24649,79.91,-5.22,85.13
secondary_cooler,2,.24850,79.93,-5.22,85.15
secondary_cooler,2,.25050,79.93,-5.22,85.15
secondary_cooler,2,.25251,79.92,-5.22,85.14
secondary_cooler,2,.25451,79.90,-5.22,85.12
secondary_cooler,2,.25651,79.86,-5.22,85.08
secondary_cooler,2,.25852,79.81,-5.22,85.03
secondary_cooler,2,.26052,79.75,-5.22,84.97
secondary_cooler,2,.26253,79.67,-5.22,84.89
secondary_cooler,2,.26453,79.58,-5.22,84.80
secondary_cooler,2,.26653,79.47,-5.22,84.70
secondary_cooler,2,.26854,79.36,-5.22,84.58
secondary_cooler,2,.27054,79.23,-5.22,84.45
secondary_cooler,2,.27255,79.08,-5.22,84.30
secondary_cooler,2,.27455,78.92,-5.22,84.14
secondary_cooler,2,.27655,78.75,-5.22,83.97
secondary_cooler,2,.27856,78.57,-5.22,83.79
secondary_cooler,2,.28056,78.37,-5.22,83.59
secondary_cooler,2,.28257,78.16,-5.22,83.38
secondary_cooler,2,.28457,77.93,-5.22,83.16
secondary_cooler,2,.28657,77.70,-5.22,82.92
secondary_cooler,2,.28858,77.44,-5.22,82.67
secondary_cooler,2,.29058,77.18,-5.22,82.40
secondary_cooler,2,.29259,76.90,-5.22,82.13
secondary_cooler,2,.29459,76.61,-5.22,81.84
secondary_cooler,2,.29659,76.31,-5.22,81.53
secondary_cooler,2,.29860,75.99,-5.22,81.22
secondary_cooler,2,.30060,75.67,-5.22,80.89
secondary_cooler,2,.30261,75.32,-5.22,80.55
secondary_cooler,2,.30461,74.97,-5.22,80.19
secondary_cooler,2,.30661,74.60,-5.22,79.83
secondary_cooler,2,.30862,74.22,-5.22,79.45
secondary_cooler,2,.31062,73.83,-5.22,79.05
secondary_cooler,2,.31263,73.43,-5.22,78.65
secondary_cooler,2,.31463,73.01,-5.22,78.23
secondary_cooler,2,.31663,72.58,-5.22,77.80
secondary_cooler,2,.31864,72.14,-5.22,77.36
secondary_cooler,2,.32064,71.68,-5.22,76.91
secondary_cooler,2,.32265,71.22,-5.22,76.44
secondary_cooler,2,.32465,70.74,-5.22,75.96
secondary_cooler,2,.32665,70.25,-5.22,75.47
secondary_cooler,2,.32866,69.74,-5.22,74.97
secondary_cooler,2,.33066,69.23,-5.22,74.45
secondary_cooler,2,.33267,68.70,-5.22,73.93
secondary_cooler,2,.33467,68.17,-5.22,73.39
secondary_cooler,2,.33667,67.62,-5.22,72.84
secondary_cooler,2,.33868,67.06,-5.22,72.28
secondary_cooler,2,.34068,66.48,-5.22,71.70
secondary_cooler,2,.34269,65.90,-5.22,71.12
secondary_cooler,2,.34469,65.30,-5.22,70.53
secondary_cooler,2,.34669,64.70,-5.22,69.92
secondary_cooler,2,.34870,64.08,-5.22,69.30
secondary_cooler,2,.35070,63.45,-5.22,68.67
secondary_cooler,2,.35271,62.81,-5.22,68.03
secondary_cooler,2,.35471,62.16,-5.22,67.38
secondary_cooler,2,.35671,61.50,-5.22,66.72
secondary_cooler,2,.35872,60.83,-5.22,66.05
secondary_cooler,2,.36072,60.15,-5.22,65.37
secondary_cooler,2,.36273,59.45,-5.22,64.68
secondary_cooler,2,.36473,58.75,-5.22,63.97
secondary_cooler,2,.36673,58.04,-5.22,63.26
secondary_cooler,2,.36874,57.32,-5.22,62.54
secondary_cooler,2,.37074,56.58,-5.22,61.81
secondary_cooler,2,.37275,55.84,-5.22,61.06
secondary_cooler,2,.37475,55.09,-5.22,60.31
secondary_cooler,2,.37675,54.33,-5.22,59.55
secondary_cooler,2,.37876,53.56,-5.22,58.78
secondary_cooler,2,.38076,52.78,-5.22,58.00
secondary_cooler,2,.38277,51.99,-5.22,57.21
secondary_cooler,2,.38477,51.19,-5.22,56.41
secondary_cooler,2,.38677,50.38,-5.22,55.60
secondary_cooler,2,.38878,49.56,-5.22,54.79
secondary_cooler,2,.39078,48.74,-5.22,53.96
secondary_cooler,2,.39279,47.90,-5.22,53.13
secondary_cooler,2,.39479,47.06,-5.22,52.28
secondary_cooler,2,.39679,46.21,-5.22,51.43
secondary_cooler,2,.39880,45.35,-5.22,50.57
secondary_cooler,2,.40080,44.49,-5.22,49.71
secondary_cooler,2,.40281,43.61,-5.22,48.83
secondary_cooler,2,.40481,42.73,-5.22,47.95
secondary_cooler,2,.40681,41.84,-5.22,47.06
secondary_cooler,2,.40882,40.94,-5.22,46.16
secondary_cooler,2,.41082,40.04,-5.22,45.26
secondary_cooler,2,.41283,39.13,-5.22,44.35
secondary_cooler,2,.41483,38.21,-5.22,43.43
secondary_cooler,2,.41683,37.28,-5.22,42.50
secondary_cooler,2,.41884,36.35,-5.22,41.57
secondary_cooler,2,.42084,35.41,-5.22,40.63
secondary_cooler,2,.42285,34.46,-5.22,39.69
secondary_cooler,2,.42485,33.51,-5.22,38.73
secondary_cooler,2,.42685,32.55,-5.22,37.78
secondary_cooler,2,.42886,31.59,-5.22,36.81
secondary_cooler,2,.43086,30.62,-5.22,35.84
secondary_cooler,2,.43287,29.65,-5.22,34.87
secondary_cooler,2,.43487,28.66,-5.22,33.89
secondary_cooler,2,.43687,27.68,-5.22,32.90
secondary_cooler,2,.43888,26.69,-5.22,31.91
secondary_cooler,2,.44088,25.69,-5.22,30.91
secondary_cooler,2,.44289,24.69,-5.22,29.91
secondary_cooler,2,.44489,23.68,-5.22,28.90
secondary_cooler,2,.44689,22.67,-5.22,27.89
secondary_cooler,2,.44890,21.66,-5.22,26.88
secondary_cooler,2,.45090,20.64,-5.22,25.86
secondary_cooler,2,.45291,19.61,-5.22,24.83
secondary_cooler,2,.45491,18.59,-5.22,23.81
secondary_cooler,2,.45691,17.55,-5.22,22.78
secondary_cooler,2,.45892,16.52,-5.22,21.74
secondary_cooler,2,.46092,15.48,-5.22,20.70
secondary_cooler,2,.46293,14.44,-5.22,19.66
secondary_cooler,2,.46493,13.39,-5.22,18.62
secondary_cooler,2,.46693,12.35,-5.22,17.57
secondary_cooler,2,.46894,11.30,-5.22,16.52
secondary_cooler,2,.47094,10.24,-5.22,15.46
secondary_cooler,2,.47295,9.19,-5.22,14.41
secondary_cooler,2,.47495,8.13,-5.22,13.35
secondary_cooler,2,.47695,7.07,-5.22,12.29
secondary_cooler,2,.47896,6.01,-5.22,11.23
secondary_cooler,2,.48096,4.94,-5.22,10.17
secondary_cooler,2,.48297,3.88,-5.22,9.10
secondary_cooler,2,.48497,2.81,-5.22,8.03
secondary_cooler,2,.48697,1.74,-5.22,6.97
secondary_cooler,2,.48898,.67,-5.22,5.90
secondary_cooler,2,.49098,-.40,-5.22,4.83
secondary_cooler,2,.49299,-1.47,-5.22,3.76
secondary_cooler,2,.49499,-2.54,-5.22,2.68
secondary_cooler,2,.49699,-3.61,-5.22,1.61
secondary_cooler,2,.49900,-4.68,-5.22,.54
secondary_cooler,2,.50100,-5.75,-5.22,-.53
secondary_cooler,2,.50301,-6.83,-5.22,-1.60
secondary_cooler,2,.50501,-7.90,-5.22,-2.68
secondary_cooler,2,.50701,-8.97,-5.22,-3.75
secondary_cooler,2,.50902,-10.04,-5.22,-4.82
secondary_cooler,2,.51102,-11.11,-5.22,-5.89
secondary_cooler,2,.51303,-12.18,-5.22,-6.96
secondary_cooler,2,.51503,-13.25,-5.22,-8.03
secondary_cooler,2,.51703,-14.32,-5.22,-9.09
secondary_cooler,2,.51904,-15.38,-5.22,-10.16
secondary_cooler,2,.52104,-16.44,-5.22,-11.22
secondary_cooler,2,.52305,-17.51,-5.22,-12.28
secondary_cooler,2,.52505,-18.57,-5.22,-13.34
secondary_cooler,2,.52705,-19.62,-5.22,-14.40
secondary_cooler,2,.52906,-20.68,-5.22,-15.46
secondary_cooler,2,.53106,-21.73,-5.22,-16.51
secondary_cooler,2,.53307,-22.78,-5.22,-17.56
secondary_cooler,2,.53507,-23.83,-5.22,-18.61
secondary_cooler,2,.53707,-24.88,-5.22,-19.65
secondary_cooler,2,.53908,-25.92,-5.22,-20.70
secondary_cooler,2,.54108,-26.96,-5.22,-21.73
secondary_cooler,2,.54309,-27.99,-5.22,-22.77
secondary_cooler,2,.54509,-29.02,-5.22,-23.80
secondary_cooler,2,.54709,-30.05,-5.22,-24.83
secondary_cooler,2,.54910,-31.07,-5.22,-25.85
secondary_cooler,2,.55110,-32.09,-5.22,-26.87
secondary_cooler,2,.55311,-33.11,-5.22,-27.89
secondary_cooler,2,.55511,-34.12,-5.22,-28.90
secondary_cooler,2,.55711,-35.13,-5.22,-29.90
secondary_cooler,2,.55912,-36.13,-5.22,-30.91
secondary_cooler,2,.56112,-37.12,-5.22,-31.90
secondary_cooler,2,.56313,-38.12,-5.22,-32.89
secondary_cooler,2,.56513,-39.10,-5.22,-33.88
secondary_cooler,2,.56713,-40.08,-5.22,-34.86
secondary_cooler,2,.56914,-41.06,-5.22,-35.84
secondary_cooler,2,.57114,-42.03,-5.22,-36.81
secondary_cooler,2,.57315,-42.99,-5.22,-37.77
secondary_cooler,2,.57515,-43.95,-5.22,-38.73
secondary_cooler,2,.57715,-44.90,-5.22,-39.68
secondary_cooler,2,.57916,-45.85,-5.22,-40.63
secondary_cooler,2,.58116,-46.79,-5.22,-41.56
secondary_cooler,2,.58317,-47.72,-5.22,-42.50
secondary_cooler,2,.58517,-48.65,-5.22,-43.42
secondary_cooler,2,.58717,-49.56,-5.22,-44.34
secondary_cooler,2,.58918,-50.48,-5.22,-45.25
secondary_cooler,2,.59118,-51.38,-5.22,-46.16
secondary_cooler,2,.59319,-52.28,-5.22,-47.06
secondary_cooler,2,.59519,-53.17,-5.22,-47.95
secondary_cooler,2,.59719,-54.05,-5.22,-48.83
secondary_cooler,2,.59920,-54.92,-5.22,-49.70
secondary_cooler,2,.60120,-55.79,-5.22,-50.57
secondary_cooler,2,.60321,-56.65,-5.22,-51.43
secondary_cooler,2,.60521,-57.50,-5.22,-52.28
secondary_cooler,2,.60721,-58.34,-5.22,-53.12
secondary_cooler,2,.60922,-59.18,-5.22,-53.95
secondary_cooler,2,.61122,-60.00,-5.22,-54.78
secondary_cooler,2,.61323,-60.82,-5.22,-55.60
secondary_cooler,2,.61523,-61.63,-5.22,-56.40
secondary_cooler,2,.61723,-62.42,-5.22,-57.20
secondary_cooler,2,.61924,-63.21,-5.22,-57.99
secondary_cooler,2,.62124,-64.00,-5.22,-58.77
secondary_cooler,2,.62325,-64.77,-5.22,-59.54
secondary_cooler,2,.62525,-65.53,-5.22,-60.31
secondary_cooler,2,.62725,-66.28,-5.22,-61.06
secondary_cooler,2,.62926,-67.02,-5.22,-61.80
secondary_cooler,2,.63126,-67.76,-5.22,-62.53
secondary_cooler,2,.63327,-68.48,-5.22,-63.26
secondary_cooler,2,.63527,-69.19,-5.22,-63.97
secondary_cooler,2,.63727,-69.89,-5.22,-64.67
secondary_cooler,2,.63928,-70.59,-5.22,-65.36
secondary_cooler,2,.64128,-71.27,-5.22,-66.05
secondary_cooler,2,.64329,-71.94,-5.22,-66.72
secondary_cooler,2,.64529,-72.60,-5.22,-67.38
secondary_cooler,2,.64729,-73.25,-5.22,-68.03
secondary_cooler,2,.64930,-73.89,-5.22,-68.67
secondary_cooler,2,.65130,-74.52,-5.22,-69.30
secondary_cooler,2,.65331,-75.14,-5.22,-69.91
secondary_cooler,2,.65531,-75.74,-5.22,-70.52
secondary_cooler,2,.65731,-76.34,-5.22,-71.12
secondary_cooler,2,.65932,-76.92,-5.22,-71.70
secondary_cooler,2,.66132,-77.50,-5.22,-72.27
secondary_cooler,2,.66333,-78.06,-5.22,-72.84
secondary_cooler,2,.66533,-78.61,-5.22,-73.38
secondary_cooler,2,.66733,-79.15,-5.22,-73.92
secondary_cooler,2,.66934,-79.67,-5.22,-74.45
secondary_cooler,2,.67134,-80.19,-5.22,-74.96
secondary_cooler,2,.67335,-80.69,-5.22,-75.47
secondary_cooler,2,.67535,-81.18,-5.22,-75.96
secondary_cooler,2,.67735,-81.66,-5.22,-76.44
secondary_cooler,2,.67936,-82.12,-5.22,-76.90
secondary_cooler,2,.68136,-82.58,-5.22,-77.36
secondary_cooler,2,.68337,-83.02,-5.22,-77.80
secondary_cooler,2,.68537,-83.45,-5.22,-78.23
secondary_cooler,2,.68737,-83.87,-5.22,-78.65
secondary_cooler,2,.68938,-84.27,-5.22,-79.05
secondary_cooler,2,.69138,-84.67,-5.22,-79.44
secondary_cooler,2,.69339,-85.05,-5.22,-79.82
secondary_cooler,2,.69539,-85.41,-5.22,-80.19
secondary_cooler,2,.69739,-85.77,-5.22,-80.54
secondary_cooler,2,.69940,-86.11,-5.22,-80.89
secondary_cooler,2,.70140,-86.44,-5.22,-81.22
secondary_cooler,2,.70341,-86.75,-5.22,-81.53
secondary_cooler,2,.70541,-87.06,-5.22,-81.83
secondary_cooler,2,.70741,-87.35,-5.22,-82.12
secondary_cooler,2,.70942,-87.62,-5.22,-82.40
secondary_cooler,2,.71142,-87.89,-5.22,-82.67
secondary_cooler,2,.71343,-88.14,-5.22,-82.92
secondary_cooler,2,.71543,-88.38,-5.22,-83.15
secondary_cooler,2,.71743,-88.60,-5.22,-83.38
secondary_cooler,2,.71944,-88.81,-5.22,-83.59
secondary_cooler,2,.72144,-89.01,-5.22,-83.79
secondary_cooler,2,.72345,-89.19,-5.22,-83.97
secondary_cooler,2,.72545,-89.37,-5.22,-84.14
secondary_cooler,2,.72745,-89.52,-5.22,-84.30
secondary_cooler,2,.72946,-89.67,-5.22,-84.45
secondary_cooler,2,.73146,-89.80,-5.22,-84.58
secondary_cooler,2,.73347,-89.92,-5.22,-84.70
secondary_cooler,2,.73547,-90.02,-5.22,-84.80
secondary_cooler,2,.73747,-90.11,-5.22,-84.89
secondary_cooler,2,.73948,-90.19,-5.22,-84.97
secondary_cooler,2,.74148,-90.26,-5.22,-85.03
secondary_cooler,2,.74349,-90.31,-5.22,-85.08
secondary_cooler,2,.74549,-90.34,-5.22,-85.12
secondary_cooler,2,.74749,-90.37,-5.22,-85.14
secondary_cooler,2,.74950,-90.38,-5.22,-85.15
secondary_cooler,2,.75150,-90.37,-5.22,-85.15
secondary_cooler,2,.75351,-90.36,-5.22,-85.13
secondary_cooler,2,.75551,-90.33,-5.22,-85.10
secondary_cooler,2,.75752,-90.28,-5.22,-85.06
secondary_cooler,2,.75952,-90.23,-5.22,-85.00
secondary_cooler,2,.76152,-90.15,-5.22,-84.93
secondary_cooler,2,.76353,-90.07,-5.22,-84.85
secondary_cooler,2,.76553,-89.97,-5.22,-84.75
secondary_cooler,2,.76754,-89.86,-5.22,-84.64
secondary_cooler,2,.76954,-89.74,-5.22,-84.51
secondary_cooler,2,.77154,-89.60,-5.22,-84.38
secondary_cooler,2,.77355,-89.45,-5.22,-84.23
secondary_cooler,2,.77555,-89.28,-5.22,-84.06
secondary_cooler,2,.77756,-89.10,-5.22,-83.88
secondary_cooler,2,.77956,-88.91,-5.22,-83.69
secondary_cooler,2,.78156,-88.71,-5.22,-83.49
secondary_cooler,2,.78357,-88.49,-5.22,-83.27
secondary_cooler,2,.78557,-88.26,-5.22,-83.04
secondary_cooler,2,.78758,-88.02,-5.22,-82.79
secondary_cooler,2,.78958,-87.76,-5.22,-82.54
secondary_cooler,2,.79158,-87.49,-5.22,-82.27
secondary_cooler,2,.79359,-87.20,-5.22,-81.98
secondary_cooler,2,.79559,-86.91,-5.22,-81.69
secondary_cooler,2,.79760,-86.60,-5.22,-81.38
secondary_cooler,2,.79960,-86.28,-5.22,-81.05
secondary_cooler,2,.80160,-85.94,-5.22,-80.72
secondary_cooler,2,.80361,-85.59,-5.22,-80.37
secondary_cooler,2,.80561,-85.23,-5.22,-80.01
secondary_cooler,2,.80762,-84.86,-5.22,-79.64
secondary_cooler,2,.80962,-84.47,-5.22,-79.25
secondary_cooler,2,.81162,-84.08,-5.22,-78.85
secondary_cooler,2,.81363,-83.66,-5.22,-78.44
secondary_cooler,2,.81563,-83.24,-5.22,-78.02
secondary_cooler,2,.81764,-82.80,-5.22,-77.58
secondary_cooler,2,.81964,-82.36,-5.22,-77.13
secondary_cooler,2,.82164,-81.90,-5.22,-76.67
secondary_cooler,2,.82365,-81.42,-5.22,-76.20
secondary_cooler,2,.82565,-80.94,-5.22,-75.72
secondary_cooler,2,.82766,-80.44,-5.22,-75.22
secondary_cooler,2,.82966,-79.93,-5.22,-74.71
secondary_cooler,2,.83166,-79.41,-5.22,-74.19
secondary_cooler,2,.83367,-78.88,-5.22,-73.66
secondary_cooler,2,.83567,-78.34,-5.22,-73.11
secondary_cooler,2,.83768,-77.78,-5.22,-72.56
secondary_cooler,2,.83968,-77.21,-5.22,-71.99
secondary_cooler,2,.84168,-76.64,-5.22,-71.41
secondary_cooler,2,.84369,-76.05,-5.22,-70.82
secondary_cooler,2,.84569,-75.45,-5.22,-70.22
secondary_cooler,2,.84770,-74.83,-5.22,-69.61
secondary_cooler,2,.84970,-74.21,-5.22,-68.99
secondary_cooler,2,.85170,-73.58,-5.22,-68.35
secondary_cooler,2,.85371,-72.93,-5.22,-67.71
secondary_cooler,2,.85571,-72.28,-5.22,-67.05
secondary_cooler,2,.85772,-71.61,-5.22,-66.39
secondary_cooler,2,.85972,-70.93,-5.22,-65.71
secondary_cooler,2,.86172,-70.25,-5.22,-65.02
secondary_cooler,2,.86373,-69.55,-5.22,-64.33
secondary_cooler,2,.86573,-68.84,-5.22,-63.62
secondary_cooler,2,.86774,-68.12,-5.22,-62.90
secondary_cooler,2,.86974,-67.40,-5.22,-62.17
secondary_cooler,2,.87174,-66.66,-5.22,-61.44
secondary_cooler,2,.87375,-65.91,-5.22,-60.69
secondary_cooler,2,.87575,-65.15,-5.22,-59.93
secondary_cooler,2,.87776,-64.39,-5.22,-59.16
secondary_cooler,2,.87976,-63.61,-5.22,-58.39
secondary_cooler,2,.88176,-62.83,-5.22,-57.60
secondary_cooler,2,.88377,-62.03,-5.22,-56.81
secondary_cooler,2,.88577,-61.23,-5.22,-56.01
secondary_cooler,2,.88778,-60.42,-5.22,-55.19
secondary_cooler,2,.88978,-59.60,-5.22,-54.37
secondary_cooler,2,.89178,-58.77,-5.22,-53.54
secondary_cooler,2,.89379,-57.93,-5.22,-52.71
secondary_cooler,2,.89579,-57.08,-5.22,-51.86
secondary_cooler,2,.89780,-56.23,-5.22,-51.01
secondary_cooler,2,.89980,-55.36,-5.22,-50.14
secondary_cooler,2,.90180,-54.49,-5.22,-49.27
secondary_cooler,2,.90381,-53.62,-5.22,-48.39
secondary_cooler,2,.90581,-52.73,-5.22,-47.51
secondary_cooler,2,.90782,-51.84,-5.22,-46.61
secondary_cooler,2,.90982,-50.94,-5.22,-45.71
secondary_cooler,2,.91182,-50.03,-5.22,-44.80
secondary_cooler,2,.91383,-49.11,-5.22,-43.89
secondary_cooler,2,.91583,-48.19,-5.22,-42.97
secondary_cooler,2,.91784,-47.26,-5.22,-42.04
secondary_cooler,2,.91984,-46.32,-5.22,-41.10
secondary_cooler,2,.92184,-45.38,-5.22,-40.16
secondary_cooler,2,.92385,-44.43,-5.22,-39.21
secondary_cooler,2,.92585,-43.48,-5.22,-38.26
secondary_cooler,2,.92786,-42.52,-5.22,-37.30
secondary_cooler,2,.92986,-41.55,-5.22,-36.33
secondary_cooler,2,.93186,-40.58,-5.22,-35.36
secondary_cooler,2,.93387,-39.60,-5.22,-34.38
secondary_cooler,2,.93587,-38.62,-5.22,-33.39
secondary_cooler,2,.93788,-37.63,-5.22,-32.40
secondary_cooler,2,.93988,-36.63,-5.22,-31.41
secondary_cooler,2,.94188,-35.63,-5.22,-30.41
secondary_cooler,2,.94389,-34.63,-5.22,-29.41
secondary_cooler,2,.94589,-33.62,-5.22,-28.40
secondary_cooler,2,.94790,-32.61,-5.22,-27.39
secondary_cooler,2,.94990,-31.59,-5.22,-26.37
secondary_cooler,2,.95190,-30.57,-5.22,-25.35
secondary_cooler,2,.95391,-29.54,-5.22,-24.32
secondary_cooler,2,.95591,-28.51,-5.22,-23.29
secondary_cooler,2,.95792,-27.48,-5.22,-22.26
secondary_cooler,2,.95992,-26.44,-5.22,-21.22
secondary_cooler,2,.96192,-25.40,-5.22,-20.18
secondary_cooler,2,.96393,-24.36,-5.22,-19.14
secondary_cooler,2,.96593,-23.31,-5.22,-18.09
secondary_cooler,2,.96794,-22.27,-5.22,-17.04
secondary_cooler,2,.96994,-21.21,-5.22,-15.99
secondary_cooler,2,.97194,-20.16,-5.22,-14.94
secondary_cooler,2,.97395,-19.10,-5.22,-13.88
secondary_cooler,2,.97595,-18.04,-5.22,-12.82
secondary_cooler,2,.97796,-16.98,-5.22,-11.76
secondary_cooler,2,.97996,-15.92,-5.22,-10.70
secondary_cooler,2,.98196,-14.86,-5.22,-9.63
secondary_cooler,2,.98397,-13.79,-5.22,-8.57
secondary_cooler,2,.98597,-12.72,-5.22,-7.50
secondary_cooler,2,.98798,-11.65,-5.22,-6.43
secondary_cooler,2,.98998,-10.58,-5.22,-5.36
secondary_cooler,2,.99198,-9.51,-5.22,-4.29
secondary_cooler,2,.99399,-8.44,-5.22,-3.22
secondary_cooler,2,.99599,-7.37,-5.22,-2.15
secondary_cooler,2,.99800,-6.30,-5.22,-1.08
secondary_cooler,2,1.00000,-5.23,-5.22,.00
